state,date,timezone,battery,rn
Start,2023-08-14 03:55:55,IST,20,1
Stop,2023-08-14 04:09:53,IST,48,2
Start,2023-08-14 10:11:42,IST,34,3
Stop,2023-08-14 10:22:35,IST,52,4
Start,2023-08-14 10:41:14,IST,52,5
Stop,2023-08-14 10:44:30,IST,55,6
Start,2023-08-14 10:51:49,IST,55,7
Stop,2023-08-14 11:17:54,IST,82,8
Start,2023-08-14 17:04:31,IST,25,9
Stop,2023-08-14 17:32:39,IST,74,10
Start,2023-08-14 23:17:19,IST,41,11
Stop,2023-08-14 23:31:16,IST,63,12
Start,2023-08-15 10:25:46,IST,12,13
Stop,2023-08-15 11:00:31,IST,75,14
Start,2023-08-15 11:53:18,IST,68,15
Stop,2023-08-15 12:12:48,IST,85,16
Start,2023-08-15 19:01:57,IST,55,17
Stop,2023-08-15 19:22:21,IST,81,18
Start,2023-08-16 09:47:08,IST,31,19
Stop,2023-08-16 10:16:19,IST,76,20
Start,2023-08-16 11:21:33,IST,73,21
Stop,2023-08-16 11:23:25,IST,73,22
Start,2023-08-16 11:23:28,IST,73,23
Stop,2023-08-16 11:31:03,IST,80,24
Start,2023-08-16 21:44:39,IST,27,25
Stop,2023-08-16 21:57:25,IST,51,26
Start,2023-08-16 23:46:48,IST,19,27
Stop,2023-08-17 00:08:39,IST,60,28
Start,2023-08-17 07:37:27,IST,42,29
Stop,2023-08-17 08:01:17,IST,76,30
Start,2023-08-17 11:17:24,IST,48,31
Stop,2023-08-17 11:23:03,IST,56,32
Start,2023-08-17 11:33:06,IST,56,33
Stop,2023-08-17 11:40:26,IST,65,34
Start,2023-08-17 20:29:19,IST,29,35
Stop,2023-08-17 20:29:39,IST,30,36
Start,2023-08-17 20:31:13,IST,30,37
Stop,2023-08-17 20:32:01,IST,31,38
Start,2023-08-17 21:06:37,IST,24,39
Stop,2023-08-17 21:41:59,IST,80,40
Start,2023-08-18 10:04:44,IST,21,41
Stop,2023-08-18 10:34:52,IST,71,42
Start,2023-08-18 16:40:45,IST,28,43
Stop,2023-08-18 17:05:04,IST,68,44
Start,2023-08-19 00:20:04,IST,21,45
Stop,2023-08-19 00:26:02,IST,34,46
Start,2023-08-19 00:42:28,IST,32,47
Stop,2023-08-19 00:47:18,IST,41,48
Start,2023-08-19 03:40:57,IST,19,49
Stop,2023-08-19 03:56:39,IST,50,50
Start,2023-08-19 11:16:36,IST,20,51
Stop,2023-08-19 11:25:22,IST,38,52
Start,2023-08-19 13:40:38,IST,28,53
Stop,2023-08-19 14:19:37,IST,81,54
Start,2023-08-19 23:59:27,IST,23,55
Stop,2023-08-20 00:09:51,IST,45,56
Start,2023-08-20 11:33:45,IST,28,57
Stop,2023-08-20 11:50:36,IST,56,58
Start,2023-08-20 13:28:30,IST,42,59
Stop,2023-08-20 14:02:03,IST,82,60
Start,2023-08-20 22:18:57,IST,11,61
Stop,2023-08-20 22:44:29,IST,59,62
Start,2023-08-20 22:44:38,IST,59,63
Stop,2023-08-20 23:13:02,IST,87,64
Start,2023-08-21 08:38:30,IST,50,65
Stop,2023-08-21 08:42:07,IST,55,66
Start,2023-08-21 09:16:37,IST,51,67
Stop,2023-08-21 09:37:58,IST,79,68
Start,2023-08-21 09:48:13,IST,79,69
Stop,2023-08-21 09:55:24,IST,85,70
Start,2023-08-21 23:06:34,IST,20,71
Stop,2023-08-21 23:34:03,IST,67,72
Start,2023-08-22 10:19:15,IST,37,73
Stop,2023-08-22 10:56:02,IST,81,74
Start,2023-08-23 08:38:59,IST,14,75
Stop,2023-08-23 09:25:53,IST,81,76
Start,2023-08-23 11:05:55,IST,64,77
Stop,2023-08-23 11:26:02,IST,83,78
Start,2023-08-23 23:55:15,IST,14,79
Stop,2023-08-24 00:15:18,IST,47,80
Start,2023-08-24 09:20:58,IST,12,81
Stop,2023-08-24 09:52:29,IST,67,82
Start,2023-08-24 10:13:47,IST,65,83
Stop,2023-08-24 10:43:55,IST,84,84
Start,2023-08-25 00:17:03,IST,23,85
Stop,2023-08-25 00:34:12,IST,55,86
Start,2023-08-25 09:10:17,IST,18,87
Stop,2023-08-25 09:52:05,IST,80,88
Start,2023-08-25 15:49:19,IST,23,89
Stop,2023-08-25 16:18:02,IST,72,90
Start,2023-08-25 22:39:19,IST,21,91
Stop,2023-08-25 22:43:21,IST,29,92
Start,2023-08-26 00:36:21,IST,8,93
Stop,2023-08-26 01:04:41,IST,59,94
Start,2023-08-26 09:57:09,IST,30,95
Stop,2023-08-26 10:02:21,IST,38,96
Start,2023-08-26 11:34:32,IST,24,97
Stop,2023-08-26 11:35:17,IST,25,98
Start,2023-08-26 12:05:36,IST,20,99
Stop,2023-08-26 12:30:52,IST,66,100
Start,2023-08-26 18:35:02,IST,6,101
Stop,2023-08-26 19:28:59,IST,83,102
Start,2023-08-26 23:26:08,IST,33,103
Stop,2023-08-26 23:51:12,IST,75,104
Start,2023-08-27 10:28:20,IST,20,105
Stop,2023-08-27 11:08:24,IST,80,106
Start,2023-08-27 12:14:38,IST,80,107
Stop,2023-08-27 12:16:10,IST,81,108
Start,2023-08-27 20:02:53,IST,20,109
Stop,2023-08-27 20:36:30,IST,77,110
Start,2023-08-27 23:43:48,IST,34,111
Stop,2023-08-27 23:43:54,IST,34,112
Start,2023-08-27 23:49:07,IST,32,113
Stop,2023-08-27 23:49:10,IST,32,114
Start,,,,115
Stop,2023-08-28 00:06:36,IST,31,116
Start,2023-08-28 00:06:36,IST,31,117
Stop,,,,118
Start,2023-08-28 00:15:07,IST,31,119
Stop,2023-08-28 00:21:59,IST,45,120
Start,2023-08-28 00:23:36,IST,45,121
Stop,2023-08-28 01:11:04,IST,94,122
Start,2023-08-28 17:06:11,IST,39,123
Stop,2023-08-28 17:17:31,IST,55,124
Start,2023-08-28 21:41:45,IST,4,125
Stop,2023-08-28 22:05:56,IST,50,126
Start,2023-08-29 05:00:30,IST,48,127
Stop,2023-08-29 05:26:32,IST,80,128
Start,2023-08-29 06:09:52,IST,77,129
Stop,2023-08-29 06:17:07,IST,81,130
Start,2023-08-29 17:51:16,IST,34,131
Stop,2023-08-29 18:30:27,IST,81,132
Start,2023-08-30 10:52:23,IST,5,133
Stop,2023-08-30 11:43:10,IST,80,134
Start,2023-08-30 21:42:38,IST,19,135
Stop,2023-08-30 22:12:25,IST,70,136
Start,2023-08-31 09:14:56,IST,18,137
Stop,2023-08-31 09:37:28,IST,58,138
Start,2023-08-31 10:31:20,IST,55,139
Stop,2023-08-31 10:33:59,IST,57,140
Start,2023-08-31 12:38:28,IST,41,141
Stop,2023-08-31 13:02:22,IST,73,142
Start,2023-09-1 01:05:50,IST,19,143
Stop,2023-09-1 01:50:00,IST,80,144
Start,2023-09-1 01:51:50,IST,80,145
Stop,2023-09-1 08:20:48,IST,100,146
Start,2023-09-1 22:05:10,IST,25,147
Stop,2023-09-1 23:18:35,IST,98,148
Start,2023-09-2 11:53:43,IST,22,149
Stop,2023-09-2 11:57:53,IST,30,150
Start,2023-09-2 12:14:27,IST,29,151
Stop,2023-09-2 12:56:11,IST,82,152
Start,2023-09-2 18:39:13,IST,14,153
Stop,2023-09-2 19:11:35,IST,72,154
Start,2023-09-2 23:29:23,IST,11,155
Stop,2023-09-3 00:01:31,IST,69,156
Start,2023-09-3 13:02:57,IST,37,157
Stop,2023-09-3 13:09:52,IST,50,158
Start,2023-09-3 16:37:15,IST,13,159
Stop,2023-09-3 17:17:36,IST,78,160
Start,2023-09-3 22:32:30,IST,46,161
Stop,2023-09-3 23:04:32,IST,83,162
Start,2023-09-4 10:49:51,IST,32,163
Stop,2023-09-4 11:01:51,IST,54,164
Start,2023-09-4 15:49:39,IST,87,165
Stop,,,,166
Start,2023-09-4 15:49:41,IST,87,167
Stop,2023-09-4 15:49:42,IST,87,168
Start,,,,169
Stop,2023-09-4 16:06:01,IST,95,170
Start,2023-09-5 10:23:13,IST,24,171
Stop,2023-09-5 11:02:26,IST,80,172
Start,2023-09-6 08:44:50,IST,9,173
Stop,2023-09-6 09:08:05,IST,51,174
Start,2023-09-6 11:43:11,IST,17,175
Stop,2023-09-6 12:24:37,IST,81,176
Start,2023-09-7 08:47:03,IST,2,177
Stop,2023-09-7 09:26:12,IST,67,178
Start,,,,179
Stop,2023-09-7 14:01:58,IST,98,180
Start,2023-09-7 14:01:59,IST,98,181
Stop,2023-09-7 14:02:01,IST,98,182
Start,2023-09-7 14:02:03,IST,98,183
Stop,,,,184
Start,2023-09-8 10:18:23,IST,29,185
Stop,2023-09-8 10:29:58,IST,50,186
Start,2023-09-8 10:31:12,IST,50,187
Stop,2023-09-8 10:34:53,IST,55,188
Start,2023-09-8 10:35:53,IST,55,189
Stop,2023-09-8 11:17:21,IST,93,190
Start,2023-09-8 23:25:49,IST,47,191
Stop,2023-09-8 23:55:17,IST,82,192
Start,2023-09-9 17:31:30,IST,31,193
Stop,2023-09-9 17:54:28,IST,65,194
Start,2023-09-9 19:10:40,IST,58,195
Stop,2023-09-9 19:36:19,IST,85,196
Start,2023-09-10 07:53:30,IST,23,197
Stop,2023-09-10 08:25:17,IST,72,198
Start,2023-09-10 08:27:48,IST,72,199
Stop,2023-09-10 09:21:16,IST,97,200
Start,2023-09-10 21:22:32,IST,40,201
Stop,2023-09-10 21:34:26,IST,61,202
Start,2023-09-11 05:21:54,IST,21,203
Stop,2023-09-11 05:56:10,IST,74,204
Start,2023-09-11 09:34:55,IST,61,205
Stop,2023-09-11 09:49:51,IST,73,206
Start,,,,207
Stop,2023-09-16 16:59:44,IST,35,208
Start,2023-09-16 16:59:50,IST,35,209
Stop,2023-09-16 17:00:07,IST,35,210
Start,2023-09-16 17:00:22,IST,35,211
Stop,2023-09-16 17:10:31,IST,50,212
Start,2023-09-16 21:20:15,IST,17,213
Stop,2023-09-16 21:41:08,IST,55,214
Start,2023-09-17 07:39:07,IST,12,215
Stop,2023-09-17 08:15:20,IST,72,216
Start,2023-09-17 21:30:46,IST,16,217
Stop,2023-09-17 22:19:20,IST,81,218
Start,2023-09-18 07:58:31,IST,33,219
Stop,2023-09-18 08:02:06,IST,40,220
Start,2023-09-18 08:44:22,IST,36,221
Stop,2023-09-18 08:50:02,IST,46,222
Start,2023-09-18 09:13:02,IST,43,223
Stop,2023-09-18 09:32:54,IST,72,224
Start,2023-09-18 11:19:28,IST,63,225
Stop,2023-09-18 11:38:03,IST,81,226
Start,2023-09-18 20:37:20,IST,39,227
Stop,2023-09-18 21:06:23,IST,78,228
Start,2023-09-19 12:35:09,IST,10,229
Stop,2023-09-19 13:01:02,IST,52,230
Start,2023-09-19 17:28:53,IST,20,231
Stop,2023-09-19 17:59:21,IST,69,232
Start,2023-09-19 22:24:38,IST,16,233
Stop,2023-09-19 23:12:05,IST,83,234
Start,2023-09-20 08:59:09,IST,20,235
Stop,2023-09-20 09:35:28,IST,76,236
Start,2023-09-21 08:38:02,IST,8,237
Stop,2023-09-21 08:43:39,IST,19,238
Start,2023-09-21 08:54:34,IST,18,239
Stop,2023-09-21 08:55:40,IST,19,240
Start,2023-09-21 09:19:30,IST,17,241
Stop,2023-09-21 09:24:04,IST,25,242
Start,2023-09-21 09:41:28,IST,24,243
Stop,2023-09-21 10:36:33,IST,89,244
Start,2023-09-22 08:07:13,IST,21,245
Stop,2023-09-22 08:18:33,IST,40,246
Start,2023-09-22 12:38:39,IST,19,247
Stop,2023-09-22 12:50:18,IST,41,248
Start,2023-09-22 13:17:16,IST,39,249
Stop,2023-09-22 13:49:11,IST,81,250
Start,2023-09-23 01:01:30,IST,21,251
Stop,2023-09-23 01:34:25,IST,75,252
Start,2023-09-23 11:40:02,IST,27,253
Stop,2023-09-23 12:00:14,IST,64,254
Start,2023-09-23 16:10:23,IST,47,255
Stop,2023-09-23 16:22:14,IST,65,256
Start,2023-09-23 19:42:14,IST,36,257
Stop,2023-09-23 20:04:28,IST,73,258
Start,2023-09-24 12:58:18,IST,13,259
Stop,2023-09-24 13:11:02,IST,39,260
Start,2023-09-24 15:48:04,IST,18,261
Stop,2023-09-24 15:50:33,IST,22,262
Start,2023-09-24 16:17:56,IST,19,263
Stop,2023-09-24 17:18:43,IST,89,264
Start,2023-09-24 22:04:14,IST,35,265
Stop,2023-09-24 22:37:27,IST,81,266
Start,2023-09-25 11:23:00,IST,34,267
Stop,2023-09-25 11:33:07,IST,52,268
Start,2023-09-25 11:57:08,IST,50,269
Stop,2023-09-25 12:23:47,IST,81,270
Start,2023-09-26 08:32:55,IST,23,271
Stop,2023-09-26 09:06:07,IST,75,272
Start,2023-09-26 20:22:06,IST,21,273
Stop,2023-09-26 21:07:05,IST,82,274
Start,2023-09-27 09:42:59,IST,41,275
Stop,2023-09-27 09:57:47,IST,65,276
Start,2023-09-27 23:33:41,IST,21,277
Stop,2023-09-27 23:53:00,IST,55,278
Start,2023-09-28 10:09:13,IST,21,279
Stop,2023-09-28 10:11:43,IST,26,280
Start,2023-09-28 10:57:00,IST,21,281
Stop,2023-09-28 11:39:40,IST,81,282
Start,2023-09-29 00:10:41,IST,19,283
Stop,2023-09-29 00:33:41,IST,60,284
Start,2023-09-29 05:50:44,IST,55,285
Stop,2023-09-29 06:09:03,IST,76,286
Start,2023-09-29 10:18:30,IST,46,287
Stop,2023-09-29 10:25:19,IST,57,288
Start,2023-09-29 10:32:59,IST,57,289
Stop,2023-09-29 10:46:33,IST,76,290
Start,2023-09-30 06:07:34,IST,8,291
Stop,2023-09-30 06:40:02,IST,64,292
Start,2023-09-30 08:04:45,IST,48,293
Stop,2023-09-30 08:23:43,IST,75,294
Start,2023-09-30 08:58:43,IST,71,295
Stop,2023-09-30 09:23:24,IST,90,296
Start,,,,297
Stop,2023-10-1 07:41:20,IST,65,298
Start,2023-10-1 10:29:09,IST,60,299
Stop,,,,300
Start,2023-10-1 10:29:14,IST,60,301
Stop,2023-10-1 11:08:21,IST,93,302
Start,2023-10-2 00:06:09,IST,24,303
Stop,2023-10-2 00:17:27,IST,46,304
Start,2023-10-2 08:56:56,IST,20,305
Stop,2023-10-2 09:24:47,IST,65,306
Start,2023-10-2 15:18:37,IST,21,307
Stop,2023-10-2 15:53:36,IST,75,308
Start,2023-10-2 22:16:40,IST,16,309
Stop,2023-10-2 22:40:46,IST,59,310
Start,,,,311
Stop,2023-10-3 08:49:43,IST,26,312
Start,2023-10-3 08:49:43,IST,26,313
Stop,,,,314
Start,2023-10-3 10:53:56,IST,5,315
Stop,2023-10-3 11:10:49,IST,38,316
Start,2023-10-3 11:32:43,IST,38,317
Stop,2023-10-3 11:43:42,IST,55,318
Start,2023-10-4 00:04:57,IST,13,319
Stop,2023-10-4 00:29:21,IST,55,320
Start,2023-10-4 08:43:15,IST,23,321
Stop,2023-10-4 09:23:18,IST,80,322
Start,2023-10-5 00:17:18,IST,27,323
Stop,2023-10-5 00:59:58,IST,83,324
Start,2023-10-5 12:37:44,IST,43,325
Stop,2023-10-5 13:22:20,IST,90,326
Start,2023-10-6 00:02:48,IST,48,327
Stop,2023-10-6 00:31:32,IST,80,328
Start,2023-10-6 09:25:11,IST,31,329
Stop,2023-10-6 09:47:58,IST,66,330
Start,,,,331
Stop,2023-10-6 13:47:19,IST,67,332
Start,,,,333
Stop,2023-10-6 16:19:39,IST,79,334
Start,2023-10-6 21:40:46,IST,4,335
Stop,2023-10-6 22:03:50,IST,28,336
Start,2023-10-6 22:03:51,IST,28,337
Stop,2023-10-6 22:09:46,IST,34,338
Start,2023-10-7 08:15:11,IST,12,339
Stop,2023-10-7 08:57:56,IST,77,340
Start,2023-10-7 16:54:41,IST,24,341
Stop,2023-10-7 17:03:53,IST,42,342
Start,2023-10-7 17:16:45,IST,42,343
Stop,2023-10-7 17:56:15,IST,89,344
Start,2023-10-8 09:04:39,IST,43,345
Stop,2023-10-8 09:59:27,IST,96,346
Start,2023-10-9 20:13:34,IST,26,347
Stop,2023-10-9 20:55:14,IST,81,348
Start,2023-10-10 10:56:00,IST,42,349
Stop,2023-10-10 11:25:30,IST,81,350
Start,2023-10-11 08:23:00,IST,23,351
Stop,2023-10-11 08:54:53,IST,71,352
Start,2023-10-11 19:14:01,IST,26,353
Stop,2023-10-11 20:13:09,IST,93,354
Start,2023-10-12 12:22:31,IST,37,355
Stop,2023-10-12 12:59:39,IST,84,356
Start,2023-10-12 22:07:02,IST,47,357
Stop,2023-10-12 22:33:26,IST,81,358
Start,2023-10-13 12:41:11,IST,44,359
Stop,2023-10-13 12:55:32,IST,66,360
Start,2023-10-13 14:09:59,IST,54,361
Stop,2023-10-13 14:50:52,IST,93,362
Start,2023-10-13 23:20:30,IST,32,363
Stop,2023-10-13 23:22:43,IST,35,364
Start,2023-10-14 10:20:13,IST,16,365
Stop,2023-10-14 11:17:08,IST,88,366
Start,2023-10-14 14:38:39,IST,72,367
Stop,2023-10-14 14:44:41,IST,75,368
Start,2023-10-15 10:34:13,IST,8,369
Stop,2023-10-15 10:42:15,IST,24,370
Start,2023-10-15 11:19:02,IST,22,371
Stop,2023-10-15 11:47:35,IST,68,372
Start,2023-10-15 21:30:31,IST,17,373
Stop,2023-10-15 22:21:32,IST,87,374
Start,2023-10-16 09:51:01,IST,58,375
Stop,2023-10-16 10:08:35,IST,77,376
Start,2023-10-16 23:43:37,IST,20,377
Stop,2023-10-16 23:55:36,IST,43,378
Start,2023-10-17 10:54:12,IST,27,379
Stop,2023-10-17 11:30:26,IST,80,380
Start,2023-10-18 10:37:47,IST,13,381
Stop,2023-10-18 11:17:12,IST,75,382
Start,2023-10-19 09:17:08,IST,9,383
Stop,2023-10-19 09:33:16,IST,38,384
Start,2023-10-19 12:34:10,IST,23,385
Stop,2023-10-19 13:33:33,IST,90,386
Start,2023-10-20 09:45:48,IST,37,387
Stop,2023-10-20 10:11:57,IST,75,388
Start,2023-10-20 17:22:25,IST,40,389
Stop,2023-10-20 17:53:17,IST,81,390
Start,2023-10-21 10:36:51,IST,44,391
Stop,2023-10-21 11:01:11,IST,78,392
Start,2023-10-21 17:03:15,IST,31,393
Stop,2023-10-21 18:00:03,IST,94,394
Start,2023-10-22 11:43:57,IST,29,395
Stop,2023-10-22 12:48:38,IST,96,396
Start,2023-10-23 06:43:06,IST,9,397
Stop,2023-10-23 07:33:23,IST,81,398
Start,2023-10-24 10:13:56,IST,14,399
Stop,2023-10-24 10:40:26,IST,62,400
Start,2023-10-24 21:06:23,IST,13,401
Stop,2023-10-24 21:38:29,IST,69,402
Start,2023-10-25 10:09:12,IST,21,403
Stop,2023-10-25 10:51:15,IST,81,404
Start,2023-10-26 08:09:50,IST,22,405
Stop,2023-10-26 08:29:57,IST,55,406
Start,2023-10-26 10:50:41,IST,48,407
Stop,2023-10-26 11:31:11,IST,92,408
Start,2023-10-27 12:17:35,IST,6,409
Stop,2023-10-27 13:17:39,IST,92,410
Start,2023-10-28 11:14:54,IST,34,411
Stop,2023-10-28 11:24:01,IST,50,412
Start,2023-10-28 16:47:19,IST,3,413
Stop,2023-10-28 17:47:15,IST,89,414
Start,2023-10-29 13:29:27,IST,17,415
Stop,2023-10-29 13:57:33,IST,64,416
Start,2023-10-29 22:11:38,IST,16,417
Stop,2023-10-29 23:10:48,IST,93,418
Start,2023-10-30 12:15:09,IST,41,419
Stop,2023-10-30 13:19:26,IST,97,420
Start,2023-10-31 12:16:58,IST,25,421
Stop,2023-10-31 12:37:39,IST,61,422
Start,2023-10-31 23:39:15,IST,24,423
Stop,2023-11-1 00:21:41,IST,81,424
Start,2023-11-1 13:47:33,IST,28,425
Stop,2023-11-1 14:37:16,IST,89,426
Start,2023-11-2 10:07:56,IST,16,427
Stop,2023-11-2 10:42:04,IST,69,428
Start,2023-11-2 11:36:15,IST,64,429
Stop,2023-11-2 11:49:42,IST,78,430
Start,2023-11-2 22:07:11,IST,38,431
Stop,2023-11-2 23:40:59,IST,100,432
Start,2023-11-3 21:36:03,IST,24,433
Stop,2023-11-3 22:14:20,IST,82,434
Start,2023-11-4 11:28:07,IST,30,435
Stop,2023-11-4 11:36:36,IST,46,436
Start,2023-11-4 11:37:10,IST,46,437
Stop,2023-11-4 12:10:03,IST,80,438
Start,2023-11-4 19:13:00,IST,41,439
Stop,2023-11-4 19:55:09,IST,90,440
Start,2023-11-5 17:21:15,IST,12,441
Stop,2023-11-5 17:39:06,IST,44,442
Start,2023-11-5 21:38:26,IST,18,443
Stop,2023-11-5 22:34:34,IST,89,444
Start,2023-11-6 10:49:33,IST,44,445
Stop,2023-11-6 11:06:49,IST,70,446
Start,2023-11-6 17:01:15,IST,35,447
Stop,2023-11-6 17:34:17,IST,81,448
Start,2023-11-7 10:58:19,IST,22,449
Stop,2023-11-7 11:27:11,IST,71,450
Start,2023-11-7 23:05:19,IST,32,451
Stop,2023-11-8 00:33:01,IST,100,452
Start,2023-11-8 22:57:48,IST,30,453
Stop,2023-11-8 23:41:23,IST,84,454
Start,2023-11-9 11:36:39,IST,41,455
Stop,2023-11-9 12:25:01,IST,92,456
Start,2023-11-10 09:13:37,IST,29,457
Stop,2023-11-10 09:26:29,IST,51,458
Start,2023-11-10 11:41:58,IST,40,459
Stop,2023-11-10 12:03:01,IST,71,460
Start,2023-11-10 15:45:14,IST,29,461
Stop,2023-11-10 16:20:21,IST,82,462
Start,2023-11-10 22:57:27,IST,48,463
Stop,2023-11-10 23:22:18,IST,81,464
Start,2023-11-11 13:27:51,IST,17,465
Stop,2023-11-11 14:02:32,IST,72,466
Start,2023-11-11 22:00:39,IST,3,467
Stop,2023-11-11 23:53:58,IST,100,468
Start,2023-11-12 13:31:41,IST,15,469
Stop,2023-11-12 13:46:00,IST,43,470
Start,2023-11-12 16:27:51,IST,28,471
Stop,2023-11-12 16:51:24,IST,68,472
Start,2023-11-12 23:22:48,IST,37,473
Stop,2023-11-13 00:26:33,IST,100,474
Start,2023-11-13 11:21:53,IST,30,475
Stop,2023-11-13 11:55:10,IST,81,476
Start,2023-11-13 23:17:31,IST,32,477
Stop,2023-11-13 23:57:59,IST,84,478
Start,2023-11-14 13:38:58,IST,19,479
Stop,2023-11-14 13:39:28,IST,20,480
Start,2023-11-14 13:40:19,IST,20,481
Stop,2023-11-14 14:18:52,IST,81,482
Start,2023-11-14 22:24:41,IST,21,483
Stop,2023-11-14 22:57:10,IST,74,484
Start,2023-11-15 10:48:26,IST,14,485
Stop,2023-11-15 11:22:58,IST,68,486
Start,2023-11-15 11:52:27,IST,67,487
Stop,2023-11-15 12:14:17,IST,87,488
Start,2023-11-15 22:26:41,IST,55,489
Stop,2023-11-15 22:52:56,IST,84,490
Start,2023-11-16 09:43:18,IST,42,491
Stop,2023-11-16 09:45:26,IST,45,492
Start,2023-11-16 10:14:22,IST,40,493
Stop,2023-11-16 10:26:11,IST,59,494
Start,2023-11-16 11:37:29,IST,49,495
Stop,2023-11-16 12:22:34,IST,95,496
Start,2023-11-17 10:19:08,IST,19,497
Stop,2023-11-17 10:24:23,IST,28,498
Start,2023-11-17 11:17:40,IST,18,499
Stop,2023-11-17 11:37:04,IST,52,500
Start,2023-11-17 13:04:28,IST,37,501
Stop,2023-11-17 13:29:43,IST,73,502
Start,2023-11-18 17:25:19,IST,21,503
Stop,2023-11-18 18:25:00,IST,92,504
Start,2023-11-19 06:14:26,IST,17,505
Stop,2023-11-19 06:50:56,IST,74,506
Start,2023-11-20 00:24:23,IST,19,507
Stop,2023-11-20 00:41:46,IST,48,508
Start,2023-11-20 11:05:29,IST,21,509
Stop,2023-11-20 11:06:22,IST,23,510
Start,2023-11-20 12:13:42,IST,11,511
Stop,2023-11-20 12:52:05,IST,74,512
Start,2023-11-21 08:40:17,IST,15,513
Stop,2023-11-21 09:19:38,IST,77,514
Start,2023-11-21 12:09:50,IST,67,515
Stop,2023-11-21 12:26:43,IST,83,516
Start,2023-11-22 11:30:35,IST,23,517
Stop,2023-11-22 11:49:21,IST,53,518
Start,2023-11-22 12:29:08,IST,53,519
Stop,2023-11-22 12:37:05,IST,63,520
Start,2023-11-23 10:25:28,IST,4,521
Stop,2023-11-23 10:42:56,IST,35,522
Start,2023-11-23 11:13:15,IST,31,523
Stop,2023-11-23 12:07:27,IST,95,524
Start,,,,525
Stop,2023-11-24 09:01:25,IST,22,526
Start,2023-11-24 09:55:35,IST,15,527
Stop,2023-11-24 10:39:53,IST,81,528
Start,2023-11-24 22:12:38,IST,21,529
Stop,2023-11-25 00:13:13,IST,100,530
Start,2023-11-25 09:27:23,IST,75,531
Stop,2023-11-25 09:37:27,IST,83,532
Start,2023-11-25 19:42:06,IST,16,533
Stop,2023-11-25 21:51:58,IST,100,534
Start,2023-11-26 11:30:42,IST,29,535
Stop,2023-11-26 11:53:18,IST,68,536
Start,2023-11-26 19:51:47,IST,35,537
Stop,2023-11-26 20:23:49,IST,81,538
Start,2023-11-27 06:33:17,IST,18,539
Stop,2023-11-27 08:08:49,IST,100,540
Start,2023-11-28 01:45:42,IST,5,541
Stop,2023-11-28 06:35:09,IST,100,542
Start,2023-11-28 11:40:25,IST,79,543
Stop,2023-11-28 11:55:17,IST,88,544
Start,2023-11-28 23:19:32,IST,45,545
Stop,2023-11-28 23:36:01,IST,69,546
Start,2023-11-28 23:36:01,IST,69,547
Stop,2023-11-28 23:37:44,IST,71,548
Start,2023-11-29 05:26:06,IST,7,549
Stop,2023-11-29 06:49:49,IST,98,550
Start,2023-11-29 12:23:41,IST,71,551
Stop,2023-11-29 12:33:22,IST,79,552
Start,2023-11-29 23:11:09,IST,25,553
Stop,2023-11-29 23:49:09,IST,82,554
Start,2023-11-30 12:00:32,IST,27,555
Stop,2023-11-30 12:31:51,IST,75,556
Start,2023-12-1 11:34:47,IST,20,557
Stop,2023-12-1 11:46:45,IST,40,558
Start,2023-12-1 12:37:16,IST,30,559
Stop,2023-12-1 12:52:22,IST,57,560
Start,2023-12-1 13:18:39,IST,57,561
Stop,2023-12-1 13:28:36,IST,70,562
Start,2023-12-1 16:03:21,IST,39,563
Stop,2023-12-1 16:32:02,IST,81,564
Start,2023-12-1 22:52:45,IST,39,565
Stop,2023-12-1 22:54:02,IST,40,566
Start,2023-12-2 08:48:18,IST,10,567
Stop,2023-12-2 09:27:29,IST,73,568
Start,2023-12-2 09:46:09,IST,72,569
Stop,2023-12-2 10:30:36,IST,96,570
Start,2023-12-3 11:14:01,IST,16,571
Stop,2023-12-3 11:21:18,IST,29,572
Start,2023-12-3 12:07:29,IST,20,573
Stop,2023-12-3 12:29:54,IST,59,574
Start,2023-12-3 12:56:11,IST,55,575
Stop,2023-12-3 13:09:14,IST,71,576
Start,2023-12-3 13:09:15,IST,71,577
Stop,2023-12-3 13:09:17,IST,71,578
Start,2023-12-3 17:43:49,IST,25,579
Stop,2023-12-3 17:47:38,IST,33,580
Start,2023-12-3 18:15:32,IST,30,581
Stop,2023-12-3 18:51:49,IST,81,582
Start,2023-12-4 10:43:24,IST,7,583
Stop,2023-12-4 10:44:19,IST,8,584
Start,2023-12-4 10:44:36,IST,8,585
Stop,2023-12-4 11:20:18,IST,67,586
Start,2023-12-4 11:47:00,IST,64,587
Stop,2023-12-4 13:05:32,IST,100,588
Start,2023-12-5 11:08:38,IST,40,589
Stop,2023-12-5 11:11:44,IST,45,590
Start,2023-12-5 12:21:22,IST,30,591
Stop,2023-12-5 12:36:15,IST,57,592
Start,2023-12-5 21:37:08,IST,15,593
Stop,2023-12-5 21:40:05,IST,21,594
Start,2023-12-5 21:40:24,IST,21,595
Stop,2023-12-5 22:02:43,IST,59,596
Start,2023-12-5 22:03:10,IST,59,597
Stop,2023-12-5 23:20:31,IST,100,598
Start,2023-12-6 11:02:46,IST,44,599
Stop,2023-12-6 11:08:30,IST,53,600
Start,2023-12-6 11:36:22,IST,53,601
Stop,2023-12-6 12:07:58,IST,81,602
Start,2023-12-6 22:50:46,IST,37,603
Stop,2023-12-6 23:34:31,IST,90,604
Start,2023-12-7 11:03:41,IST,42,605
Stop,2023-12-7 11:41:29,IST,81,606
Start,2023-12-8 10:30:49,IST,9,607
Stop,2023-12-8 10:34:38,IST,17,608
Start,2023-12-8 10:34:45,IST,17,609
Stop,2023-12-8 11:06:59,IST,65,610
Start,2023-12-8 12:15:14,IST,54,611
Stop,2023-12-8 12:45:29,IST,86,612
Start,2023-12-9 10:10:30,IST,6,613
Stop,2023-12-9 11:07:32,IST,86,614
Start,2023-12-9 17:12:59,IST,16,615
Stop,2023-12-9 17:15:43,IST,20,616
Start,2023-12-9 17:32:30,IST,20,617
Stop,2023-12-9 18:46:46,IST,94,618
Start,2023-12-10 12:11:02,IST,25,619
Stop,2023-12-10 13:01:21,IST,90,620
Start,2023-12-10 21:34:31,IST,22,621
Stop,2023-12-10 22:02:40,IST,68,622
Start,2023-12-10 22:58:55,IST,66,623
Stop,2023-12-10 23:00:23,IST,66,624
Start,2023-12-11 10:40:31,IST,13,625
Stop,2023-12-11 10:43:01,IST,18,626
Start,2023-12-11 10:43:09,IST,18,627
Stop,2023-12-11 11:10:53,IST,62,628
Start,2023-12-11 13:22:17,IST,46,629
Stop,2023-12-11 13:55:27,IST,85,630
Start,2023-12-12 10:53:05,IST,27,631
Stop,2023-12-12 11:33:03,IST,80,632
Start,2023-12-12 12:30:24,IST,76,633
Stop,2023-12-12 12:40:28,IST,83,634
Start,2023-12-13 00:24:54,IST,31,635
Stop,2023-12-13 00:26:09,IST,33,636
Start,2023-12-13 11:05:20,IST,9,637
Stop,2023-12-13 11:05:38,IST,9,638
Start,2023-12-13 11:05:46,IST,9,639
Stop,2023-12-13 11:49:11,IST,78,640
Start,2023-12-13 11:49:14,IST,78,641
Stop,2023-12-13 12:11:22,IST,91,642
Start,2023-12-14 12:11:15,IST,22,643
Stop,2023-12-14 12:27:27,IST,53,644
Start,2023-12-14 15:06:44,IST,39,645
Stop,2023-12-14 15:07:45,IST,40,646
Start,2023-12-14 15:20:34,IST,38,647
Stop,2023-12-14 15:53:28,IST,83,648
Start,2023-12-15 11:14:56,IST,14,649
Stop,2023-12-15 11:47:45,IST,67,650
Start,2023-12-15 15:47:22,IST,49,651
Stop,2023-12-15 16:13:03,IST,81,652
Start,,,,653
Stop,2023-12-16 09:47:39,IST,55,654
Start,2023-12-16 10:12:55,IST,52,655
Stop,2023-12-16 10:17:37,IST,58,656
Start,2023-12-16 14:08:24,IST,54,657
Stop,2023-12-16 14:24:26,IST,74,658
Start,2023-12-17 11:33:34,IST,12,659
Stop,2023-12-17 11:59:54,IST,57,660
Start,2023-12-17 12:00:12,IST,57,661
Stop,2023-12-17 12:20:19,IST,81,662
Start,2023-12-17 21:13:32,IST,31,663
Stop,2023-12-17 21:29:41,IST,58,664
Start,2023-12-18 02:13:58,IST,14,665
Stop,2023-12-18 02:25:47,IST,38,666
Start,2023-12-18 10:37:37,IST,21,667
Stop,2023-12-18 10:39:29,IST,24,668
Start,2023-12-18 11:43:43,IST,16,669
Stop,2023-12-18 11:56:41,IST,41,670
Start,2023-12-18 12:11:15,IST,40,671
Stop,2023-12-18 12:27:08,IST,64,672
Start,2023-12-18 12:27:24,IST,64,673
Stop,2023-12-18 12:33:12,IST,69,674
Start,2023-12-18 12:34:02,IST,69,675
Stop,2023-12-18 12:44:52,IST,81,676
Start,2023-12-19 09:53:16,IST,11,677
Stop,2023-12-19 10:33:27,IST,73,678
Start,2023-12-19 12:12:01,IST,54,679
Stop,2023-12-19 12:31:20,IST,78,680
Start,2023-12-19 20:38:29,IST,23,681
Stop,2023-12-19 21:20:51,IST,82,682
Start,2023-12-20 10:41:49,IST,21,683
Stop,2023-12-20 11:31:10,IST,81,684
Start,2023-12-20 11:49:09,IST,81,685
Stop,2023-12-20 12:04:44,IST,88,686
Start,2023-12-21 13:20:04,IST,13,687
Stop,2023-12-21 14:00:10,IST,74,688
Start,2023-12-22 10:30:29,IST,15,689
Stop,2023-12-22 12:01:16,IST,99,690
Start,2023-12-23 12:06:49,IST,32,691
Stop,2023-12-23 12:34:50,IST,75,692
Start,2023-12-23 17:46:48,GMT+5:30,32,693
Stop,2023-12-23 17:48:49,GMT+5:30,36,694
Start,2023-12-23 19:30:14,GMT+5:30,23,695
Stop,2023-12-23 20:09:08,GMT+5:30,81,696
Start,2023-12-24 13:51:44,GMT+5:30,5,697
Stop,2023-12-24 14:12:49,GMT+5:30,44,698
Start,2023-12-24 17:02:53,GMT+5:30,13,699
Stop,2023-12-24 17:37:30,GMT+5:30,70,700
Start,2023-12-24 21:55:53,GMT+5:30,40,701
Stop,2023-12-24 22:43:19,GMT+5:30,91,702
Start,2023-12-25 16:16:06,GMT+5:30,28,703
Stop,2023-12-25 16:23:09,GMT+5:30,41,704
Start,2023-12-25 16:38:58,GMT+5:30,41,705
Stop,2023-12-25 17:08:52,GMT+5:30,81,706
Start,2023-12-26 12:34:29,GMT+5:30,35,707
Stop,2023-12-26 12:59:30,GMT+5:30,73,708
Start,2023-12-26 19:02:55,GMT+5:30,44,709
Stop,2023-12-26 19:21:21,GMT+5:30,71,710
Start,2023-12-27 10:44:10,GMT+5:30,14,711
Stop,2023-12-27 11:07:53,GMT+5:30,59,712
Start,2023-12-27 15:37:33,GMT+5:30,38,713
Stop,2023-12-27 16:07:34,GMT+5:30,81,714
Start,2023-12-28 11:27:46,GMT+5:30,48,715
Stop,2023-12-28 11:45:58,GMT+5:30,72,716
Start,2023-12-28 18:21:10,GMT+5:30,33,717
Stop,2023-12-28 18:55:31,GMT+5:30,81,718
Start,2023-12-29 10:57:42,GMT+5:30,20,719
Stop,2023-12-29 11:36:27,GMT+5:30,76,720
Start,2023-12-29 19:19:52,GMT+5:30,8,721
Stop,2023-12-29 19:42:49,GMT+5:30,52,722
Start,2023-12-29 21:48:09,GMT+5:30,39,723
Stop,2023-12-29 22:21:45,GMT+5:30,83,724
Start,2023-12-30 15:17:50,GMT+5:30,44,725
Stop,2023-12-30 15:45:55,GMT+5:30,81,726
Start,2023-12-30 22:40:49,GMT+5:30,25,727
Stop,2023-12-30 23:21:25,GMT+5:30,83,728
Start,2023-12-31 14:47:34,GMT+5:30,28,729
Stop,2023-12-31 15:26:49,GMT+5:30,83,730
Start,2024-01-1 07:40:17,GMT+5:30,11,731
Stop,2024-01-1 08:02:34,GMT+5:30,53,732
Start,2024-01-1 13:44:21,GMT+5:30,31,733
Stop,2024-01-1 13:50:30,GMT+5:30,42,734
Start,2024-01-1 16:48:41,GMT+5:30,20,735
Stop,2024-01-1 16:58:02,GMT+5:30,35,736
Start,2024-01-1 18:16:18,GMT+5:30,23,737
Stop,2024-01-1 18:53:52,GMT+5:30,81,738
Start,2024-01-2 08:57:02,GMT+5:30,13,739
Stop,2024-01-2 09:41:15,GMT+5:30,77,740
Start,2024-01-2 11:56:04,GMT+5:30,61,741
Stop,2024-01-2 12:01:09,GMT+5:30,66,742
Start,2024-01-2 12:14:23,GMT+5:30,66,743
Stop,2024-01-2 12:25:17,GMT+5:30,77,744
Start,2024-01-3 11:49:03,GMT+5:30,56,745
Stop,2024-01-3 11:53:45,GMT+5:30,61,746
Start,2024-01-3 12:22:46,GMT+5:30,61,747
Stop,2024-01-3 12:29:38,GMT+5:30,69,748
Start,2024-01-3 23:35:29,GMT+5:30,15,749
Stop,2024-01-3 23:43:55,GMT+5:30,28,750
Start,2024-01-4 00:58:15,GMT+5:30,17,751
Stop,,,,752
Start,2024-01-4 01:15:29,GMT+5:30,48,753
Stop,2024-01-4 01:15:29,GMT+5:30,48,754
Start,,,,755
Stop,2024-01-4 01:15:31,GMT+5:30,48,756
Start,2024-01-4 10:54:16,GMT+5:30,8,757
Stop,2024-01-4 10:58:59,GMT+5:30,17,758
Start,2024-01-4 11:26:49,GMT+5:30,12,759
Stop,2024-01-4 11:49:05,GMT+5:30,51,760
Start,2024-01-4 11:51:01,GMT+5:30,51,761
Stop,2024-01-4 11:57:18,GMT+5:30,61,762
Start,2024-01-4 12:47:29,GMT+5:30,56,763
Stop,2024-01-4 12:53:12,GMT+5:30,63,764
Start,2024-01-5 00:40:15,GMT+5:30,12,765
Stop,2024-01-5 01:06:20,GMT+5:30,60,766
Start,2024-01-5 13:06:07,GMT+5:30,13,767
Stop,2024-01-5 13:24:31,GMT+5:30,50,768
Start,2024-01-5 16:02:21,GMT+5:30,30,769
Stop,2024-01-5 16:35:41,GMT+5:30,81,770
Start,2024-01-6 03:27:14,GMT+5:30,9,771
Stop,2024-01-6 03:46:38,GMT+5:30,47,772
Start,2024-01-6 13:24:25,GMT+5:30,24,773
Stop,2024-01-6 14:01:59,GMT+5:30,80,774
Start,2024-01-6 20:46:08,GMT+5:30,38,775
Stop,2024-01-6 21:20:50,GMT+5:30,83,776
Start,2024-01-7 11:20:51,GMT+5:30,35,777
Stop,2024-01-7 11:47:00,GMT+5:30,74,778
Start,2024-01-7 11:47:25,GMT+5:30,74,779
Stop,2024-01-7 11:58:26,GMT+5:30,80,780
Start,2024-01-7 19:35:09,GMT+5:30,20,781
Stop,2024-01-7 19:43:40,GMT+5:30,36,782
Start,2024-01-7 21:59:39,GMT+5:30,14,783
Stop,2024-01-7 22:51:17,GMT+5:30,89,784
Start,2024-01-8 13:51:35,GMT+5:30,36,785
Stop,2024-01-8 15:13:11,GMT+5:30,99,786
Start,2024-01-9 10:43:23,GMT+5:30,19,787
Stop,2024-01-9 11:21:57,GMT+5:30,77,788
Start,2024-01-9 12:16:07,GMT+5:30,70,789
Stop,2024-01-9 12:19:35,GMT+5:30,71,790
Start,2024-01-10 00:03:04,GMT+5:30,32,791
Stop,2024-01-10 00:38:09,GMT+5:30,81,792
Start,2024-01-10 12:06:08,GMT+5:30,24,793
Stop,2024-01-10 12:39:30,GMT+5:30,76,794
Start,2024-01-10 22:16:29,GMT+5:30,39,795
Stop,2024-01-10 23:31:28,GMT+5:30,98,796
Start,2024-01-11 12:10:07,GMT+5:30,43,797
Stop,2024-01-11 12:33:11,GMT+5:30,75,798
Start,2024-01-12 00:27:22,GMT+5:30,27,799
Stop,2024-01-12 00:53:17,GMT+5:30,69,800
Start,2024-01-12 12:32:44,GMT+5:30,29,801
Stop,2024-01-12 13:09:00,GMT+5:30,82,802
Start,2024-01-12 22:20:53,GMT+5:30,42,803
Stop,2024-01-12 23:38:49,GMT+5:30,100,804
Start,2024-01-13 13:47:20,GMT+5:30,31,805
Stop,2024-01-13 14:07:01,GMT+5:30,64,806
Start,2024-01-13 22:26:57,GMT+5:30,20,807
Stop,2024-01-13 23:06:50,GMT+5:30,81,808
Start,2024-01-14 12:41:56,GMT+5:30,1,809
Stop,2024-01-14 13:19:08,GMT+5:30,66,810
Start,2024-01-14 18:16:58,GMT+5:30,21,811
Stop,2024-01-14 18:28:00,GMT+5:30,33,812
Start,2024-01-14 19:13:24,GMT+5:30,27,813
Stop,2024-01-14 19:57:43,GMT+5:30,87,814
Start,2024-01-15 10:22:18,GMT+5:30,23,815
Stop,2024-01-15 10:56:57,GMT+5:30,75,816
Start,2024-01-15 21:06:18,GMT+5:30,34,817
Stop,2024-01-15 21:38:49,GMT+5:30,81,818
Start,2024-01-16 11:14:04,GMT+5:30,13,819
Stop,2024-01-16 11:51:48,GMT+5:30,72,820
Start,2024-01-16 12:24:39,GMT+5:30,66,821
Stop,2024-01-16 12:44:26,GMT+5:30,84,822
Start,2024-01-17 11:08:25,GMT+5:30,7,823
Stop,2024-01-17 11:43:16,GMT+5:30,65,824
Start,2024-01-17 12:32:24,GMT+5:30,56,825
Stop,2024-01-17 12:51:42,GMT+5:30,78,826
Start,2024-01-17 23:20:19,GMT+5:30,34,827
Stop,2024-01-18 00:15:51,GMT+5:30,93,828
Start,2024-01-18 11:37:56,GMT+5:30,46,829
Stop,2024-01-18 12:06:04,GMT+5:30,82,830
Start,2024-01-19 09:17:13,GMT+5:30,20,831
Stop,2024-01-19 09:29:54,GMT+5:30,43,832
Start,2024-01-19 11:59:15,GMT+5:30,18,833
Stop,2024-01-19 12:40:24,GMT+5:30,80,834
Start,2024-01-19 22:05:19,GMT+5:30,44,835
Stop,2024-01-19 22:33:13,GMT+5:30,81,836
Start,2024-01-20 11:28:15,GMT+5:30,14,837
Stop,2024-01-20 12:24:23,GMT+5:30,92,838
Start,2024-01-20 21:12:47,GMT+5:30,19,839
Stop,2024-01-20 21:44:41,GMT+5:30,70,840
Start,2024-01-20 21:58:14,GMT+5:30,69,841
Stop,2024-01-20 22:11:57,GMT+5:30,81,842
Start,2024-01-21 10:57:38,GMT+5:30,12,843
Stop,2024-01-21 11:31:58,GMT+5:30,71,844
Start,2024-01-21 18:09:37,GMT+5:30,21,845
Stop,2024-01-21 18:23:25,GMT+5:30,45,846
Start,2024-01-21 21:07:05,GMT+5:30,15,847
Stop,2024-01-21 21:18:43,GMT+5:30,38,848
Start,2024-01-21 22:13:47,GMT+5:30,19,849
Stop,2024-01-21 22:52:35,GMT+5:30,78,850
Start,2024-01-22 11:32:07,GMT+5:30,9,851
Stop,2024-01-22 11:49:42,GMT+5:30,31,852
Start,2024-01-22 12:12:02,GMT+5:30,20,853
Stop,2024-01-22 13:00:56,GMT+5:30,87,854
Start,2024-01-23 09:20:55,GMT+5:30,18,855
Stop,2024-01-23 10:01:59,GMT+5:30,80,856
Start,2024-01-23 11:57:14,GMT+5:30,65,857
Stop,2024-01-23 12:13:23,GMT+5:30,80,858
Start,2024-01-23 22:25:51,GMT+5:30,31,859
Stop,2024-01-23 22:59:22,GMT+5:30,81,860
Start,2024-01-24 10:07:22,GMT+5:30,26,861
Stop,2024-01-24 10:18:11,GMT+5:30,46,862
Start,2024-01-24 10:47:51,GMT+5:30,40,863
Stop,2024-01-24 10:59:49,GMT+5:30,55,864
Start,2024-01-24 11:04:58,GMT+5:30,55,865
Stop,2024-01-24 11:29:14,GMT+5:30,80,866
Start,2024-01-24 22:10:42,GMT+5:30,47,867
Stop,2024-01-24 22:36:54,GMT+5:30,81,868
Start,2024-01-25 09:31:27,GMT+5:30,36,869
Stop,2024-01-25 09:39:17,GMT+5:30,50,870
Start,2024-01-25 10:24:10,GMT+5:30,38,871
Stop,2024-01-25 11:31:57,GMT+5:30,100,872
Start,2024-01-26 03:33:34,GMT+5:30,17,873
Stop,2024-01-26 03:42:54,GMT+5:30,35,874
Start,2024-01-26 10:35:16,GMT+5:30,27,875
Stop,2024-01-26 10:59:56,GMT+5:30,67,876
Start,2024-01-26 12:02:33,GMT+5:30,37,877
Stop,2024-01-26 12:11:03,GMT+5:30,51,878
Start,2024-01-26 14:58:13,GMT+5:30,18,879
Stop,2024-01-26 15:15:57,GMT+5:30,52,880
Start,2024-01-26 18:06:04,GMT+5:30,19,881
Stop,2024-01-26 18:17:40,GMT+5:30,42,882
Start,2024-01-26 19:44:36,GMT+5:30,25,883
Stop,2024-01-26 20:30:05,GMT+5:30,90,884
Start,2024-01-27 02:48:15,GMT+5:30,12,885
Stop,2024-01-27 03:03:26,GMT+5:30,45,886
Start,2024-01-27 12:25:35,GMT+5:30,7,887
Stop,2024-01-27 13:25:29,GMT+5:30,91,888
Start,2024-01-27 20:09:55,GMT+5:30,18,889
Stop,2024-01-27 20:28:50,GMT+5:30,51,890
Start,2024-01-27 21:51:13,GMT+5:30,39,891
Stop,2024-01-27 22:06:39,GMT+5:30,64,892
Start,2024-01-28 10:54:36,GMT+5:30,17,893
Stop,2024-01-28 11:23:36,GMT+5:30,63,894
Start,2024-01-28 12:28:02,GMT+5:30,54,895
Stop,2024-01-28 12:53:28,GMT+5:30,83,896
Start,2024-01-28 21:06:46,GMT+5:30,23,897
Stop,2024-01-28 21:44:40,GMT+5:30,82,898
Start,2024-01-29 09:56:22,GMT+5:30,34,899
Stop,2024-01-29 10:30:18,GMT+5:30,82,900
Start,2024-01-29 21:38:27,GMT+5:30,38,901
Stop,2024-01-29 22:08:01,GMT+5:30,81,902
Start,2024-01-30 11:49:30,GMT+5:30,34,903
Stop,2024-01-30 12:10:37,GMT+5:30,69,904
Start,2024-01-30 13:37:49,GMT+5:30,59,905
Stop,2024-01-30 14:10:01,GMT+5:30,92,906
Start,2024-01-31 10:54:09,GMT+5:30,15,907
Stop,2024-01-31 10:54:37,GMT+5:30,15,908
Start,2024-01-31 11:22:36,GMT+5:30,10,909
Stop,2024-01-31 11:47:24,GMT+5:30,47,910
Start,2024-01-31 12:00:13,GMT+5:30,41,911
Stop,2024-01-31 12:04:12,GMT+5:30,44,912
Start,2024-01-31 12:25:48,GMT+5:30,44,913
Stop,2024-01-31 13:06:11,GMT+5:30,80,914
Start,2024-02-1 01:50:56,GMT+5:30,19,915
Stop,2024-02-1 02:10:57,GMT+5:30,56,916
Start,2024-02-1 08:28:21,GMT+5:30,45,917
Stop,2024-02-1 08:38:38,GMT+5:30,61,918
Start,2024-02-1 13:13:27,GMT+5:30,26,919
Stop,2024-02-1 13:51:45,GMT+5:30,81,920
Start,2024-02-1 23:33:10,GMT+5:30,43,921
Stop,2024-02-1 23:40:11,GMT+5:30,54,922
Start,2024-02-2 12:12:41,GMT+5:30,19,923
Stop,2024-02-2 12:36:19,GMT+5:30,59,924
Start,2024-02-2 13:34:22,GMT+5:30,50,925
Stop,2024-02-2 13:52:31,GMT+5:30,75,926
Start,2024-02-3 08:59:36,GMT+5:30,9,927
Stop,2024-02-3 09:12:13,GMT+5:30,33,928
Start,2024-02-3 10:45:30,GMT+5:30,15,929
Stop,2024-02-3 11:26:26,GMT+5:30,80,930
Start,2024-02-3 22:35:40,GMT+5:30,20,931
Stop,2024-02-3 22:59:14,GMT+5:30,61,932
Start,2024-02-4 06:45:58,GMT+5:30,20,933
Stop,2024-02-4 08:00:07,GMT+5:30,100,934
Start,2024-02-4 21:19:03,GMT+5:30,30,935
Stop,2024-02-4 21:51:56,GMT+5:30,81,936
Start,2024-02-5 12:08:34,GMT+5:30,20,937
Stop,2024-02-5 12:13:11,GMT+5:30,29,938
Start,2024-02-5 12:37:05,GMT+5:30,26,939
Stop,2024-02-5 12:45:43,GMT+5:30,43,940
Start,2024-02-5 13:30:19,GMT+5:30,33,941
Stop,2024-02-5 14:05:38,GMT+5:30,81,942
Start,2024-02-6 00:03:55,GMT+5:30,49,943
Stop,2024-02-6 00:30:28,GMT+5:30,82,944
Start,2024-02-6 12:24:56,GMT+5:30,24,945
Stop,2024-02-6 12:40:37,GMT+5:30,53,946
Start,2024-02-6 18:46:28,GMT+5:30,33,947
Stop,2024-02-6 19:22:18,GMT+5:30,83,948
Start,2024-02-7 09:35:34,GMT+5:30,14,949
Stop,2024-02-7 10:19:08,GMT+5:30,81,950
Start,2024-02-7 21:26:39,GMT+5:30,16,951
Stop,2024-02-7 22:13:37,GMT+5:30,85,952
Start,2024-02-8 13:23:25,GMT+5:30,14,953
Stop,2024-02-8 14:07:24,GMT+5:30,80,954
Start,2024-02-8 22:34:01,GMT+5:30,56,955
Stop,2024-02-8 22:39:55,GMT+5:30,63,956
Start,2024-02-9 17:21:25,GMT+5:30,35,957
Stop,2024-02-9 17:58:27,GMT+5:30,83,958
Start,2024-02-10 11:20:27,GMT+5:30,8,959
Stop,2024-02-10 11:25:13,GMT+5:30,17,960
Start,2024-02-10 12:35:42,GMT+5:30,6,961
Stop,2024-02-10 14:09:42,GMT+5:30,100,962
Start,2024-02-11 01:33:08,GMT+5:30,18,963
Stop,2024-02-11 01:42:33,GMT+5:30,31,964
Start,2024-02-11 03:06:11,GMT+5:30,17,965
Stop,2024-02-11 03:19:21,GMT+5:30,42,966
Start,2024-02-11 12:43:44,GMT+5:30,6,967
Stop,2024-02-11 13:07:18,GMT+5:30,47,968
Start,2024-02-11 13:10:26,GMT+5:30,47,969
Stop,2024-02-11 13:38:13,GMT+5:30,80,970
Start,2024-02-11 21:52:57,GMT+5:30,26,971
Stop,2024-02-11 22:30:07,GMT+5:30,82,972
Start,2024-02-12 11:30:42,GMT+5:30,29,973
Stop,2024-02-12 11:49:51,GMT+5:30,62,974
Start,2024-02-13 00:34:04,GMT+5:30,18,975
Stop,2024-02-13 00:50:00,GMT+5:30,48,976
Start,2024-02-13 10:00:49,GMT+5:30,20,977
Stop,2024-02-13 10:10:01,GMT+5:30,38,978
Start,2024-02-13 10:46:13,GMT+5:30,33,979
Stop,2024-02-13 11:04:39,GMT+5:30,63,980
Start,2024-02-13 11:41:51,GMT+5:30,60,981
Stop,2024-02-13 12:18:46,GMT+5:30,93,982
Start,2024-02-14 07:34:40,GMT+5:30,9,983
Stop,2024-02-14 07:46:46,GMT+5:30,33,984
Start,2024-02-14 11:09:10,GMT+5:30,19,985
Stop,2024-02-14 11:42:02,GMT+5:30,70,986
Start,2024-02-14 12:24:50,GMT+5:30,67,987
Stop,2024-02-14 12:34:04,GMT+5:30,75,988
Start,2024-02-15 00:33:36,GMT+5:30,16,989
Stop,2024-02-15 00:47:17,GMT+5:30,35,990
Start,2024-02-15 03:01:31,GMT+5:30,19,991
Stop,2024-02-15 03:12:23,GMT+5:30,41,992
Start,2024-02-15 11:55:35,GMT+5:30,18,993
Stop,2024-02-15 12:00:23,GMT+5:30,28,994
Start,2024-02-15 12:15:02,GMT+5:30,28,995
Stop,2024-02-15 12:28:18,GMT+5:30,51,996
Start,2024-02-15 16:31:43,GMT+5:30,40,997
Stop,2024-02-15 17:38:31,GMT+5:30,81,998
Start,2024-02-15 23:54:30,GMT+5:30,20,999
Stop,2024-02-16 00:04:58,GMT+5:30,42,1000
Start,2024-02-16 11:49:31,GMT+5:30,1,1001
Stop,2024-02-16 12:17:04,GMT+5:30,50,1002
Start,2024-02-16 12:17:04,GMT+5:30,50,1003
Stop,2024-02-16 12:22:44,GMT+5:30,59,1004
Start,2024-02-16 21:23:20,GMT+5:30,37,1005
Stop,2024-02-16 21:45:18,GMT+5:30,72,1006
Start,2024-02-17 12:17:08,GMT+5:30,6,1007
Stop,2024-02-17 12:42:20,GMT+5:30,53,1008
Start,2024-02-17 13:27:42,GMT+5:30,43,1009
Stop,2024-02-17 13:59:00,GMT+5:30,80,1010
Start,2024-02-17 20:23:52,GMT+5:30,28,1011
Stop,2024-02-17 21:00:49,GMT+5:30,82,1012
Start,2024-02-18 12:09:32,GMT+5:30,15,1013
Stop,2024-02-18 12:46:40,GMT+5:30,75,1014
Start,2024-02-18 19:21:41,GMT+5:30,20,1015
Stop,2024-02-18 20:15:06,GMT+5:30,91,1016
Start,2024-02-19 12:06:14,GMT+5:30,2,1017
Stop,2024-02-19 12:55:34,GMT+5:30,80,1018
Start,2024-02-20 04:39:32,GMT+5:30,2,1019
Stop,2024-02-20 04:39:37,GMT+5:30,2,1020
Start,2024-02-20 04:39:37,GMT+5:30,2,1021
Stop,2024-02-20 05:04:38,GMT+5:30,28,1022
Start,2024-02-20 12:41:34,GMT+5:30,7,1023
Stop,2024-02-20 13:07:33,GMT+5:30,55,1024
Start,2024-02-20 13:07:38,GMT+5:30,55,1025
Stop,2024-02-20 13:11:54,GMT+5:30,61,1026
Start,2024-02-20 23:45:40,GMT+5:30,17,1027
Stop,2024-02-21 00:14:11,GMT+5:30,66,1028
Start,2024-02-21 08:49:46,GMT+5:30,33,1029
Stop,2024-02-21 09:27:21,GMT+5:30,83,1030
Start,2024-02-21 20:50:39,GMT+5:30,47,1031
Stop,2024-02-21 21:17:18,GMT+5:30,82,1032
Start,2024-02-22 10:15:42,GMT+5:30,15,1033
Stop,2024-02-22 10:42:54,GMT+5:30,63,1034
Start,2024-02-22 18:27:23,GMT+5:30,31,1035
Stop,2024-02-22 18:34:34,GMT+5:30,44,1036
Start,2024-02-22 18:37:21,GMT+5:30,44,1037
Stop,2024-02-22 18:43:54,GMT+5:30,55,1038
Start,2024-02-23 00:46:23,GMT+5:30,21,1039
Stop,2024-02-23 01:13:13,GMT+5:30,68,1040
Start,2024-02-23 12:31:40,GMT+5:30,15,1041
Stop,2024-02-23 12:40:14,GMT+5:30,33,1042
Start,2024-02-23 12:53:01,GMT+5:30,33,1043
Stop,2024-02-23 13:34:17,GMT+5:30,82,1044
Start,2024-02-24 01:07:08,GMT+5:30,16,1045
Stop,2024-02-24 01:44:01,GMT+5:30,73,1046
Start,2024-02-24 09:17:33,GMT+5:30,58,1047
Stop,2024-02-24 09:46:52,GMT+5:30,88,1048
Start,2024-02-24 17:39:24,GMT+5:30,16,1049
Stop,2024-02-24 18:01:17,GMT+5:30,49,1050
Start,2024-02-24 21:38:53,GMT+5:30,41,1051
Stop,2024-02-24 22:06:58,GMT+5:30,81,1052
Start,2024-02-25 09:22:49,GMT+5:30,19,1053
Stop,2024-02-25 09:48:14,GMT+5:30,60,1054
Start,2024-02-25 10:22:54,GMT+5:30,55,1055
Stop,2024-02-25 11:19:51,GMT+5:30,95,1056
Start,2024-02-25 22:48:45,GMT+5:30,36,1057
Stop,2024-02-25 23:24:42,GMT+5:30,81,1058
Start,2024-02-26 10:20:30,GMT+5:30,59,1059
Stop,2024-02-26 10:42:40,GMT+5:30,82,1060
Start,2024-02-26 17:48:52,GMT+5:30,46,1061
Stop,2024-02-26 18:15:19,GMT+5:30,81,1062
Start,2024-02-26 23:49:20,GMT+5:30,43,1063
Stop,2024-02-27 00:23:31,GMT+5:30,85,1064
Start,2024-02-27 11:23:50,GMT+5:30,32,1065
Stop,2024-02-27 11:49:01,GMT+5:30,70,1066
Start,2024-02-27 12:15:53,GMT+5:30,66,1067
Stop,2024-02-27 12:25:52,GMT+5:30,76,1068
Start,2024-02-28 03:40:41,GMT+5:30,10,1069
Stop,2024-02-28 04:01:58,GMT+5:30,52,1070
Start,2024-02-28 09:39:06,GMT+5:30,40,1071
Stop,2024-02-28 10:21:35,GMT+5:30,90,1072
Start,2024-02-28 13:03:23,GMT+5:30,51,1073
Stop,2024-02-28 13:25:33,GMT+5:30,81,1074
Start,2024-02-28 22:36:34,GMT+5:30,42,1075
Stop,2024-02-28 23:05:41,GMT+5:30,81,1076
Start,2024-02-29 13:05:27,GMT+5:30,18,1077
Stop,2024-02-29 13:27:22,GMT+5:30,55,1078
Start,2024-02-29 22:50:12,GMT+5:30,32,1079
Stop,2024-02-29 23:27:52,GMT+5:30,84,1080
Start,2024-03-1 09:08:49,GMT+5:30,12,1081
Stop,2024-03-1 09:43:33,GMT+5:30,68,1082
Start,2024-03-1 13:40:56,GMT+5:30,22,1083
Stop,2024-03-1 14:19:14,GMT+5:30,81,1084
Start,2024-03-2 06:24:59,GMT+5:30,20,1085
Stop,2024-03-2 08:23:23,GMT+5:30,98,1086
Start,2024-03-3 06:08:20,GMT+5:30,8,1087
Stop,2024-03-3 06:35:27,GMT+5:30,55,1088
Start,2024-03-3 10:22:30,GMT+5:30,29,1089
Stop,2024-03-3 11:05:10,GMT+5:30,86,1090
Start,2024-03-3 17:08:42,GMT+5:30,28,1091
Stop,2024-03-3 17:46:42,GMT+5:30,82,1092
Start,2024-03-4 07:30:44,GMT+5:30,25,1093
Stop,2024-03-4 07:45:13,GMT+5:30,48,1094
Start,2024-03-4 10:08:35,GMT+5:30,17,1095
Stop,2024-03-4 11:21:22,GMT+5:30,93,1096
Start,2024-03-5 10:23:29,GMT+5:30,20,1097
Stop,2024-03-5 10:34:01,GMT+5:30,41,1098
Start,2024-03-5 11:18:20,GMT+5:30,41,1099
Stop,2024-03-5 11:35:22,GMT+5:30,66,1100
Start,2024-03-5 19:18:45,GMT+5:30,32,1101
Stop,2024-03-5 20:04:31,GMT+5:30,86,1102
Start,2024-03-6 09:06:44,GMT+5:30,40,1103
Stop,2024-03-6 09:18:04,GMT+5:30,58,1104
Start,2024-03-6 13:17:29,GMT+5:30,11,1105
Stop,2024-03-6 13:29:42,GMT+5:30,36,1106
Start,2024-03-6 20:23:07,GMT+5:30,25,1107
Stop,2024-03-6 20:43:37,GMT+5:30,60,1108
Start,2024-03-7 07:46:39,GMT+5:30,17,1109
Stop,2024-03-7 08:10:47,GMT+5:30,59,1110
Start,2024-03-7 10:13:13,GMT+5:30,46,1111
Stop,2024-03-7 10:49:30,GMT+5:30,86,1112
Start,2024-03-7 22:38:04,GMT+5:30,19,1113
Stop,2024-03-7 22:38:40,GMT+5:30,20,1114
Start,2024-03-7 22:39:14,GMT+5:30,20,1115
Stop,2024-03-7 23:23:09,GMT+5:30,80,1116
Start,2024-03-9 06:59:29,GMT+5:30,17,1117
Stop,2024-03-9 08:08:39,GMT+5:30,92,1118
Start,2024-03-9 08:10:42,GMT+5:30,92,1119
Stop,2024-03-9 08:19:14,GMT+5:30,94,1120
Start,2024-03-9 20:37:32,GMT+5:30,21,1121
Stop,2024-03-9 21:14:18,GMT+5:30,76,1122
Start,2024-03-10 10:56:21,GMT+5:30,38,1123
Stop,2024-03-10 11:30:54,GMT+5:30,83,1124
Start,2024-03-10 17:05:09,GMT+5:30,23,1125
Stop,2024-03-10 17:49:47,GMT+5:30,85,1126
Start,2024-03-10 23:33:51,GMT+5:30,53,1127
Stop,2024-03-10 23:57:58,GMT+5:30,81,1128
Start,2024-03-11 12:09:46,GMT+5:30,12,1129
Stop,2024-03-11 13:04:21,GMT+5:30,91,1130
Start,2024-03-12 08:59:41,GMT+5:30,15,1131
Stop,2024-03-12 09:18:49,GMT+5:30,48,1132
Start,2024-03-12 12:51:14,GMT+5:30,16,1133
Stop,2024-03-12 13:28:49,GMT+5:30,75,1134
Start,2024-03-13 09:38:02,GMT+5:30,14,1135
Stop,2024-03-13 10:18:56,GMT+5:30,77,1136
Start,2024-03-13 16:44:49,GMT+5:30,31,1137
Stop,2024-03-13 17:19:38,GMT+5:30,83,1138
Start,2024-03-14 07:17:39,GMT+5:30,20,1139
Stop,2024-03-14 07:47:53,GMT+5:30,68,1140
Start,2024-03-14 08:03:37,GMT+5:30,68,1141
Stop,2024-03-14 08:21:47,GMT+5:30,84,1142
Start,2024-03-14 08:30:45,GMT+5:30,84,1143
Stop,2024-03-14 08:41:46,GMT+5:30,89,1144
Start,2024-03-15 10:45:25,GMT+5:30,5,1145
Stop,2024-03-15 10:47:05,GMT+5:30,8,1146
Start,2024-03-15 10:49:46,GMT+5:30,8,1147
Stop,2024-03-15 10:56:44,GMT+5:30,23,1148
Start,2024-03-15 11:09:51,GMT+5:30,17,1149
Stop,2024-03-15 11:34:49,GMT+5:30,61,1150
Start,2024-03-15 18:39:07,GMT+5:30,36,1151
Stop,2024-03-15 19:21:39,GMT+5:30,88,1152
Start,2024-03-16 14:39:15,GMT+5:30,7,1153
Stop,2024-03-16 15:26:53,GMT+5:30,82,1154
Start,2024-03-17 11:34:57,GMT+5:30,1,1155
Stop,2024-03-17 11:44:22,GMT+5:30,19,1156
Start,2024-03-17 11:44:33,GMT+5:30,19,1157
Stop,2024-03-17 12:23:20,GMT+5:30,78,1158
Start,2024-03-17 12:23:26,GMT+5:30,78,1159
Stop,2024-03-17 12:24:59,GMT+5:30,79,1160
Start,2024-03-17 12:35:56,GMT+5:30,79,1161
Stop,2024-03-17 12:44:50,GMT+5:30,86,1162
Start,2024-03-17 21:36:25,GMT+5:30,35,1163
Stop,2024-03-17 22:02:29,GMT+5:30,74,1164
Start,2024-03-18 10:53:09,GMT+5:30,17,1165
Stop,2024-03-18 11:13:44,GMT+5:30,38,1166
Start,2024-03-18 12:06:19,GMT+5:30,34,1167
Stop,2024-03-18 12:21:10,GMT+5:30,57,1168
Start,2024-03-18 14:05:57,GMT+5:30,41,1169
Stop,2024-03-18 14:52:23,GMT+5:30,93,1170
Start,2024-03-19 10:49:10,GMT+5:30,18,1171
Stop,2024-03-19 11:04:32,GMT+5:30,33,1172
Start,2024-03-19 11:45:03,GMT+5:30,19,1173
Stop,2024-03-19 12:06:42,GMT+5:30,57,1174
Start,2024-03-20 00:18:23,GMT+5:30,13,1175
Stop,2024-03-20 00:30:59,GMT+5:30,38,1176
Start,2024-03-20 10:27:13,GMT+5:30,11,1177
Stop,2024-03-20 10:41:07,GMT+5:30,34,1178
Start,2024-03-20 12:29:24,GMT+5:30,8,1179
Stop,2024-03-20 13:26:34,GMT+5:30,89,1180
Start,2024-03-21 10:23:47,GMT+5:30,13,1181
Stop,2024-03-21 10:38:05,GMT+5:30,31,1182
Start,2024-03-21 11:44:49,GMT+5:30,9,1183
Stop,2024-03-21 11:51:40,GMT+5:30,23,1184
Start,2024-03-21 12:32:17,GMT+5:30,20,1185
Stop,2024-03-21 13:14:36,GMT+5:30,81,1186
Start,2024-03-22 12:31:45,GMT+5:30,28,1187
Stop,2024-03-22 13:09:25,GMT+5:30,82,1188
Start,2024-03-23 02:17:33,GMT+5:30,9,1189
Stop,2024-03-23 02:31:44,GMT+5:30,39,1190
Start,2024-03-23 08:09:57,GMT+5:30,26,1191
Stop,2024-03-23 08:33:31,GMT+5:30,63,1192
Start,2024-03-23 08:46:23,GMT+5:30,63,1193
Stop,2024-03-23 09:35:09,GMT+5:30,97,1194
Start,2024-03-24 01:55:38,GMT+5:30,12,1195
Stop,2024-03-24 02:13:33,GMT+5:30,47,1196
Start,2024-03-24 11:02:20,GMT+5:30,24,1197
Stop,2024-03-24 11:38:50,GMT+5:30,81,1198
Start,2024-03-24 19:48:03,GMT+5:30,21,1199
Stop,2024-03-24 19:51:28,GMT+5:30,27,1200
Start,2024-03-24 20:37:20,GMT+5:30,11,1201
Stop,2024-03-24 21:25:30,GMT+5:30,72,1202
Start,2024-03-25 09:40:22,GMT+5:30,27,1203
Stop,2024-03-25 10:13:37,GMT+5:30,75,1204
Start,2024-03-25 12:40:52,GMT+5:30,45,1205
Stop,2024-03-25 13:10:02,GMT+5:30,82,1206
Start,2024-03-26 08:17:39,GMT+5:30,21,1207
Stop,2024-03-26 08:53:30,GMT+5:30,74,1208
Start,2024-03-26 12:45:35,GMT+5:30,29,1209
Stop,2024-03-26 13:25:08,GMT+5:30,83,1210
Start,2024-03-27 10:13:20,GMT+5:30,6,1211
Stop,2024-03-27 10:44:57,GMT+5:30,60,1212
Start,2024-03-27 12:13:03,GMT+5:30,51,1213
Stop,2024-03-27 12:35:46,GMT+5:30,83,1214
Start,2024-03-28 02:03:31,GMT+5:30,7,1215
Stop,2024-03-28 02:20:34,GMT+5:30,42,1216
Start,2024-03-28 07:29:15,GMT+5:30,35,1217
Stop,2024-03-28 08:05:59,GMT+5:30,84,1218
Start,2024-03-28 21:04:46,GMT+5:30,22,1219
Stop,2024-03-28 22:04:43,GMT+5:30,96,1220
Start,2024-03-29 10:30:41,GMT+5:30,39,1221
Stop,2024-03-29 10:44:29,GMT+5:30,61,1222
Start,2024-03-29 11:21:00,GMT+5:30,59,1223
Stop,2024-03-29 11:41:25,GMT+5:30,81,1224
Start,2024-03-29 12:33:36,GMT+5:30,77,1225
Stop,2024-03-29 12:51:40,GMT+5:30,87,1226
Start,2024-03-30 10:26:12,GMT+5:30,15,1227
Stop,2024-03-30 10:28:32,GMT+5:30,19,1228
Start,2024-03-30 10:28:39,GMT+5:30,19,1229
Stop,2024-03-30 11:05:34,GMT+5:30,57,1230
Start,2024-03-30 19:23:06,GMT+5:30,10,1231
Stop,2024-03-30 20:13:53,GMT+5:30,76,1232
Start,,,,1233
Stop,2024-03-31 07:24:31,GMT+5:30,40,1234
Start,2024-03-31 09:23:47,GMT+5:30,17,1235
Stop,2024-03-31 09:54:10,GMT+5:30,63,1236
Start,2024-03-31 16:39:28,GMT+5:30,17,1237
Stop,2024-03-31 17:01:46,GMT+5:30,59,1238
Start,2024-03-31 21:18:41,GMT+5:30,13,1239
Stop,2024-03-31 21:59:23,GMT+5:30,81,1240
Start,2024-04-1 12:06:04,GMT+5:30,12,1241
Stop,2024-04-1 12:33:04,GMT+5:30,58,1242
Start,2024-04-1 12:40:03,GMT+5:30,58,1243
Stop,2024-04-1 13:28:36,GMT+5:30,81,1244
Start,2024-04-1 16:17:10,GMT+5:30,51,1245
Stop,2024-04-1 16:37:57,GMT+5:30,81,1246
Start,2024-04-2 09:00:16,GMT+5:30,36,1247
Stop,2024-04-2 09:34:28,GMT+5:30,84,1248
Start,2024-04-2 21:13:48,GMT+5:30,22,1249
Stop,2024-04-2 21:57:25,GMT+5:30,85,1250
Start,2024-04-3 13:23:02,GMT+5:30,9,1251
Stop,2024-04-3 13:47:25,GMT+5:30,54,1252
Start,2024-04-3 13:49:05,GMT+5:30,56,1253
Stop,2024-04-3 14:16:27,GMT+5:30,88,1254
Start,2024-04-4 13:41:59,GMT+5:30,6,1255
Stop,2024-04-4 14:46:42,GMT+5:30,95,1256
Start,2024-04-5 12:16:53,GMT+5:30,20,1257
Stop,2024-04-5 13:20:01,GMT+5:30,96,1258
Start,2024-04-6 11:17:57,GMT+5:30,9,1259
Stop,2024-04-6 11:28:01,GMT+5:30,29,1260
Start,2024-04-6 13:00:38,GMT+5:30,17,1261
Stop,2024-04-6 13:33:23,GMT+5:30,73,1262
Start,2024-04-7 01:05:14,GMT+5:30,5,1263
Stop,2024-04-7 01:32:35,GMT+5:30,51,1264
Start,2024-04-7 12:25:47,GMT+5:30,16,1265
Stop,2024-04-7 12:35:00,GMT+5:30,34,1266
Start,2024-04-7 12:51:47,GMT+5:30,34,1267
Stop,2024-04-7 13:15:32,GMT+5:30,71,1268
Start,2024-04-7 23:17:12,GMT+5:30,14,1269
Stop,2024-04-8 00:01:09,GMT+5:30,81,1270
Start,2024-04-8 12:36:07,GMT+5:30,16,1271
Stop,2024-04-8 13:35:09,GMT+5:30,88,1272
Start,2024-04-9 11:48:54,GMT+5:30,9,1273
Stop,2024-04-9 12:09:15,GMT+5:30,46,1274
Start,2024-04-9 15:54:35,GMT+5:30,18,1275
Stop,2024-04-9 16:09:44,GMT+5:30,48,1276
Start,2024-04-9 18:50:43,GMT+5:30,18,1277
Stop,2024-04-9 19:15:16,GMT+5:30,64,1278
Start,2024-04-10 09:20:55,GMT+5:30,5,1279
Stop,2024-04-10 09:42:49,GMT+5:30,46,1280
Start,2024-04-10 10:49:16,GMT+5:30,33,1281
Stop,2024-04-10 10:55:53,GMT+5:30,45,1282
Start,2024-04-10 17:31:31,GMT+5:30,24,1283
Stop,2024-04-10 18:00:38,GMT+5:30,72,1284
Start,2024-04-11 11:34:27,GMT+5:30,1,1285
Stop,2024-04-11 12:07:18,GMT+5:30,61,1286
Start,2024-04-11 15:17:21,GMT+5:30,30,1287
Stop,2024-04-11 15:19:02,GMT+5:30,33,1288
Start,2024-04-11 15:19:39,GMT+5:30,33,1289
Stop,2024-04-11 15:27:45,GMT+5:30,47,1290
Start,2024-04-11 15:30:48,GMT+5:30,47,1291
Stop,2024-04-11 15:45:24,GMT+5:30,69,1292
Start,2024-04-11 22:15:22,GMT+5:30,10,1293
Stop,2024-04-11 22:43:01,GMT+5:30,59,1294
Start,2024-04-12 10:44:12,GMT+5:30,23,1295
Stop,2024-04-12 12:21:08,GMT+5:30,100,1296
Start,2024-04-12 23:59:55,GMT+5:30,9,1297
Stop,2024-04-13 00:11:31,GMT+5:30,31,1298
Start,2024-04-13 10:35:43,GMT+5:30,2,1299
Stop,2024-04-13 10:40:24,GMT+5:30,11,1300
Start,2024-04-13 10:52:38,GMT+5:30,9,1301
Stop,2024-04-13 11:35:22,GMT+5:30,76,1302
Start,2024-04-13 22:13:04,GMT+5:30,7,1303
Stop,2024-04-13 23:01:11,GMT+5:30,81,1304
Start,2024-04-14 14:19:33,GMT+5:30,13,1305
Stop,2024-04-14 14:40:12,GMT+5:30,52,1306
Start,2024-04-14 21:16:02,GMT+5:30,11,1307
Stop,2024-04-14 21:59:08,GMT+5:30,81,1308
Start,2024-04-15 09:08:00,GMT+5:30,33,1309
Stop,2024-04-15 09:28:38,GMT+5:30,68,1310
Start,2024-04-15 11:57:41,GMT+5:30,53,1311
Stop,2024-04-15 12:23:25,GMT+5:30,85,1312
Start,2024-04-16 10:54:53,GMT+5:30,9,1313
Stop,2024-04-16 12:08:59,GMT+5:30,94,1314
Start,2024-04-17 08:09:46,GMT+5:30,42,1315
Stop,2024-04-17 08:33:56,GMT+5:30,76,1316
Start,2024-04-17 17:15:38,GMT+5:30,30,1317
Stop,2024-04-17 17:56:34,GMT+5:30,82,1318
Start,2024-04-18 08:52:30,GMT+5:30,17,1319
Stop,2024-04-18 09:12:23,GMT+5:30,52,1320
Start,2024-04-18 10:42:05,GMT+5:30,42,1321
Stop,2024-04-18 11:03:13,GMT+5:30,73,1322
Start,,,,1323
Stop,2024-04-18 22:32:39,GMT+5:30,53,1324
Start,2024-04-19 01:40:04,GMT+5:30,6,1325
Stop,2024-04-19 01:51:14,GMT+5:30,27,1326
Start,2024-04-19 09:37:41,GMT+5:30,9,1327
Stop,2024-04-19 09:49:51,GMT+5:30,33,1328
Start,2024-04-19 11:15:47,GMT+5:30,20,1329
Stop,2024-04-19 11:39:20,GMT+5:30,62,1330
Start,2024-04-19 22:19:20,GMT+5:30,28,1331
Stop,2024-04-19 22:36:00,GMT+5:30,58,1332
Start,2024-04-20 09:33:22,GMT+5:30,9,1333
Stop,2024-04-20 10:03:31,GMT+5:30,64,1334
Start,2024-04-20 15:30:37,GMT+5:30,19,1335
Stop,2024-04-20 16:16:58,GMT+5:30,81,1336
Start,2024-04-20 21:41:11,GMT+5:30,47,1337
Stop,2024-04-20 21:48:38,GMT+5:30,58,1338
Start,2024-04-21 09:09:42,GMT+5:30,8,1339
Stop,2024-04-21 09:30:18,GMT+5:30,42,1340
Start,2024-04-21 12:28:33,GMT+5:30,19,1341
Stop,2024-04-21 13:17:36,GMT+5:30,81,1342
Start,2024-04-22 09:53:05,GMT+5:30,1,1343
Stop,2024-04-22 10:12:58,GMT+5:30,40,1344
Start,2024-04-22 10:48:19,GMT+5:30,33,1345
Stop,2024-04-22 11:22:54,GMT+5:30,80,1346
Start,2024-04-23 08:42:20,GMT+5:30,17,1347
Stop,2024-04-23 09:12:40,GMT+5:30,69,1348
Start,2024-04-23 17:12:54,GMT+5:30,26,1349
Stop,2024-04-23 17:42:41,GMT+5:30,76,1350
Start,2024-04-24 09:28:28,GMT+5:30,3,1351
Stop,2024-04-24 09:30:17,GMT+5:30,6,1352
Start,2024-04-24 11:09:49,GMT+5:30,36,1353
Stop,2024-04-24 11:29:40,GMT+5:30,67,1354
Start,2024-04-24 20:34:47,GMT+5:30,40,1355
Stop,2024-04-24 20:38:26,GMT+5:30,46,1356
Start,2024-04-24 21:14:55,GMT+5:30,42,1357
Stop,2024-04-24 21:45:47,GMT+5:30,82,1358
Start,2024-04-25 12:21:42,GMT+5:30,19,1359
Stop,2024-04-25 13:02:34,GMT+5:30,80,1360
Start,2024-04-26 00:17:29,GMT+5:30,13,1361
Stop,2024-04-26 00:27:03,GMT+5:30,29,1362
Start,2024-04-26 01:42:40,GMT+5:30,17,1363
Stop,2024-04-26 01:55:06,GMT+5:30,41,1364
Start,2024-04-26 13:34:01,GMT+5:30,3,1365
Stop,2024-04-26 14:00:46,GMT+5:30,29,1366
Start,2024-04-26 16:23:36,GMT+5:30,1,1367
Stop,2024-04-26 16:54:50,GMT+5:30,59,1368
Start,2024-04-26 20:34:30,GMT+5:30,39,1369
Stop,2024-04-26 20:42:23,GMT+5:30,52,1370
Start,2024-04-26 21:11:56,GMT+5:30,51,1371
Stop,2024-04-26 21:30:51,GMT+5:30,76,1372
Start,2024-04-27 00:28:28,GMT+5:30,37,1373
Stop,2024-04-27 01:04:56,GMT+5:30,84,1374
Start,2024-04-27 12:25:42,GMT+5:30,7,1375
Stop,2024-04-27 12:41:18,GMT+5:30,32,1376
Start,2024-04-27 14:13:46,GMT+5:30,20,1377
Stop,2024-04-27 14:26:22,GMT+5:30,39,1378
Start,2024-04-27 18:45:00,GMT+5:30,26,1379
Stop,2024-04-27 18:50:20,GMT+5:30,37,1380
Start,2024-04-27 19:38:43,GMT+5:30,31,1381
Stop,2024-04-27 20:28:47,GMT+5:30,87,1382
Start,2024-04-28 11:28:39,GMT+5:30,3,1383
Stop,2024-04-28 12:05:31,GMT+5:30,62,1384
Start,2024-04-28 19:54:08,GMT+5:30,14,1385
Stop,2024-04-28 19:56:10,GMT+5:30,19,1386
Start,2024-04-28 20:00:44,GMT+5:30,19,1387
Stop,2024-04-28 20:44:12,GMT+5:30,80,1388
Start,2024-04-29 10:48:27,GMT+5:30,10,1389
Stop,2024-04-29 11:03:24,GMT+5:30,41,1390
Start,2024-04-29 11:24:41,GMT+5:30,41,1391
Stop,2024-04-29 11:37:39,GMT+5:30,62,1392
Start,2024-04-29 12:25:28,GMT+5:30,46,1393
Stop,2024-04-29 12:58:15,GMT+5:30,81,1394
Start,2024-04-29 22:39:52,GMT+5:30,56,1395
Stop,2024-04-29 22:57:52,GMT+5:30,78,1396
Start,2024-04-30 10:12:30,GMT+5:30,20,1397
Stop,2024-04-30 10:17:44,GMT+5:30,31,1398
Start,2024-04-30 12:35:43,GMT+5:30,17,1399
Stop,2024-04-30 13:39:26,GMT+5:30,92,1400
Start,2024-05-1 01:59:09,GMT+5:30,49,1401
Stop,2024-05-1 02:14:25,GMT+5:30,70,1402
Start,2024-05-1 12:03:18,GMT+5:30,28,1403
Stop,2024-05-1 12:52:44,GMT+5:30,84,1404
Start,2024-05-1 20:48:17,GMT+5:30,41,1405
Stop,2024-05-1 21:28:23,GMT+5:30,83,1406
Start,,,,1407
Stop,2024-05-2 11:00:37,GMT+5:30,49,1408
Start,2024-05-2 15:54:44,GMT+5:30,31,1409
Stop,2024-05-2 16:29:23,GMT+5:30,80,1410
Start,2024-05-2 22:59:17,GMT+5:30,35,1411
Stop,2024-05-2 23:37:43,GMT+5:30,81,1412
Start,2024-05-3 10:48:45,GMT+5:30,42,1413
Stop,2024-05-3 11:05:26,GMT+5:30,68,1414
Start,2024-05-3 11:40:08,GMT+5:30,66,1415
Stop,2024-05-3 11:58:37,GMT+5:30,80,1416
Start,2024-05-3 20:21:37,GMT+5:30,45,1417
Stop,2024-05-3 20:47:16,GMT+5:30,81,1418
Start,2024-05-4 10:06:30,GMT+5:30,8,1419
Stop,2024-05-4 10:44:56,GMT+5:30,63,1420
Start,2024-05-4 13:53:15,GMT+5:30,31,1421
Stop,2024-05-4 15:16:24,GMT+5:30,99,1422
Start,2024-05-5 10:34:03,GMT+5:30,18,1423
Stop,2024-05-5 10:48:53,GMT+5:30,45,1424
Start,2024-05-5 11:15:38,GMT+5:30,42,1425
Stop,2024-05-5 11:18:19,GMT+5:30,46,1426
Start,2024-05-5 11:40:53,GMT+5:30,44,1427
Stop,2024-05-5 11:50:41,GMT+5:30,57,1428
Start,2024-05-5 19:05:55,GMT+5:30,15,1429
Stop,2024-05-5 19:21:32,GMT+5:30,45,1430
Start,2024-05-5 20:24:15,GMT+5:30,31,1431
Stop,2024-05-5 20:38:16,GMT+5:30,55,1432
Start,2024-05-5 22:57:24,GMT+5:30,31,1433
Stop,2024-05-5 23:37:07,GMT+5:30,82,1434
Start,2024-05-6 11:49:41,GMT+5:30,34,1435
Stop,2024-05-6 12:00:38,GMT+5:30,54,1436
Start,2024-05-6 23:07:38,GMT+5:30,36,1437
Stop,2024-05-6 23:32:32,GMT+5:30,74,1438
Start,2024-05-7 12:36:23,GMT+5:30,18,1439
Stop,2024-05-7 13:23:25,GMT+5:30,84,1440
Start,2024-05-7 21:28:00,GMT+5:30,65,1441
Stop,2024-05-7 21:43:35,GMT+5:30,81,1442
Start,2024-05-8 11:14:09,GMT+5:30,16,1443
Stop,2024-05-8 11:34:22,GMT+5:30,49,1444
Start,2024-05-8 12:33:18,GMT+5:30,42,1445
Stop,2024-05-8 13:02:56,GMT+5:30,81,1446
Start,2024-05-8 21:58:58,GMT+5:30,55,1447
Stop,2024-05-8 22:17:29,GMT+5:30,77,1448
Start,2024-05-9 11:50:32,GMT+5:30,17,1449
Stop,2024-05-9 12:10:27,GMT+5:30,52,1450
Start,2024-05-9 12:39:50,GMT+5:30,50,1451
Stop,2024-05-9 13:05:44,GMT+5:30,81,1452
Start,2024-05-9 21:36:48,GMT+5:30,60,1453
Stop,2024-05-9 21:48:29,GMT+5:30,74,1454
Start,2024-05-10 11:22:14,GMT+5:30,14,1455
Stop,2024-05-10 11:38:04,GMT+5:30,39,1456
Start,2024-05-10 12:28:02,GMT+5:30,32,1457
Stop,2024-05-10 13:08:29,GMT+5:30,84,1458
Start,2024-05-11 00:40:19,GMT+5:30,45,1459
Stop,2024-05-11 00:58:55,GMT+5:30,73,1460
Start,2024-05-11 11:37:47,GMT+5:30,1,1461
Stop,2024-05-11 12:30:20,GMT+5:30,81,1462
Start,2024-05-11 20:38:17,GMT+5:30,30,1463
Stop,2024-05-11 20:59:25,GMT+5:30,66,1464

