20,48,"2023-08-14 03:55:55","2023-08-14 04:09:53","IST",1,2
34,52,"2023-08-14 10:11:42","2023-08-14 10:22:35","IST",3,4
52,55,"2023-08-14 10:41:14","2023-08-14 10:44:30","IST",5,6
55,82,"2023-08-14 10:51:49","2023-08-14 11:17:54","IST",7,8
25,74,"2023-08-14 17:04:31","2023-08-14 17:32:39","IST",9,10
41,63,"2023-08-14 23:17:19","2023-08-14 23:31:16","IST",11,12
12,75,"2023-08-15 10:25:46","2023-08-15 11:00:31","IST",13,14
68,85,"2023-08-15 11:53:18","2023-08-15 12:12:48","IST",15,16
55,81,"2023-08-15 19:01:57","2023-08-15 19:22:21","IST",17,18
31,76,"2023-08-16 09:47:08","2023-08-16 10:16:19","IST",19,20
73,73,"2023-08-16 11:21:33","2023-08-16 11:23:25","IST",21,22
73,80,"2023-08-16 11:23:28","2023-08-16 11:31:03","IST",23,24
27,51,"2023-08-16 21:44:39","2023-08-16 21:57:25","IST",25,26
19,60,"2023-08-16 23:46:48","2023-08-17 00:08:39","IST",27,28
42,76,"2023-08-17 07:37:27","2023-08-17 08:01:17","IST",29,30
48,56,"2023-08-17 11:17:24","2023-08-17 11:23:03","IST",31,32
56,65,"2023-08-17 11:33:06","2023-08-17 11:40:26","IST",33,34
29,30,"2023-08-17 20:29:19","2023-08-17 20:29:39","IST",35,36
30,31,"2023-08-17 20:31:13","2023-08-17 20:32:01","IST",37,38
24,80,"2023-08-17 21:06:37","2023-08-17 21:41:59","IST",39,40
21,71,"2023-08-18 10:04:44","2023-08-18 10:34:52","IST",41,42
28,68,"2023-08-18 16:40:45","2023-08-18 17:05:04","IST",43,44
21,34,"2023-08-19 00:20:04","2023-08-19 00:26:02","IST",45,46
32,41,"2023-08-19 00:42:28","2023-08-19 00:47:18","IST",47,48
19,50,"2023-08-19 03:40:57","2023-08-19 03:56:39","IST",49,50
20,38,"2023-08-19 11:16:36","2023-08-19 11:25:22","IST",51,52
28,81,"2023-08-19 13:40:38","2023-08-19 14:19:37","IST",53,54
23,45,"2023-08-19 23:59:27","2023-08-20 00:09:51","IST",55,56
28,56,"2023-08-20 11:33:45","2023-08-20 11:50:36","IST",57,58
42,82,"2023-08-20 13:28:30","2023-08-20 14:02:03","IST",59,60
11,59,"2023-08-20 22:18:57","2023-08-20 22:44:29","IST",61,62
59,87,"2023-08-20 22:44:38","2023-08-20 23:13:02","IST",63,64
50,55,"2023-08-21 08:38:30","2023-08-21 08:42:07","IST",65,66
51,79,"2023-08-21 09:16:37","2023-08-21 09:37:58","IST",67,68
79,85,"2023-08-21 09:48:13","2023-08-21 09:55:24","IST",69,70
20,67,"2023-08-21 23:06:34","2023-08-21 23:34:03","IST",71,72
37,81,"2023-08-22 10:19:15","2023-08-22 10:56:02","IST",73,74
14,81,"2023-08-23 08:38:59","2023-08-23 09:25:53","IST",75,76
64,83,"2023-08-23 11:05:55","2023-08-23 11:26:02","IST",77,78
14,47,"2023-08-23 23:55:15","2023-08-24 00:15:18","IST",79,80
12,67,"2023-08-24 09:20:58","2023-08-24 09:52:29","IST",81,82
65,84,"2023-08-24 10:13:47","2023-08-24 10:43:55","IST",83,84
23,55,"2023-08-25 00:17:03","2023-08-25 00:34:12","IST",85,86
18,80,"2023-08-25 09:10:17","2023-08-25 09:52:05","IST",87,88
23,72,"2023-08-25 15:49:19","2023-08-25 16:18:02","IST",89,90
21,29,"2023-08-25 22:39:19","2023-08-25 22:43:21","IST",91,92
8,59,"2023-08-26 00:36:21","2023-08-26 01:04:41","IST",93,94
30,38,"2023-08-26 09:57:09","2023-08-26 10:02:21","IST",95,96
24,25,"2023-08-26 11:34:32","2023-08-26 11:35:17","IST",97,98
20,66,"2023-08-26 12:05:36","2023-08-26 12:30:52","IST",99,100
6,83,"2023-08-26 18:35:02","2023-08-26 19:28:59","IST",101,102
33,75,"2023-08-26 23:26:08","2023-08-26 23:51:12","IST",103,104
20,80,"2023-08-27 10:28:20","2023-08-27 11:08:24","IST",105,106
80,81,"2023-08-27 12:14:38","2023-08-27 12:16:10","IST",107,108
20,77,"2023-08-27 20:02:53","2023-08-27 20:36:30","IST",109,110
34,34,"2023-08-27 23:43:48","2023-08-27 23:43:54","IST",111,112
32,32,"2023-08-27 23:49:07","2023-08-27 23:49:10","IST",113,114
28,31,"2023-08-28 00:04:19","2023-08-28 00:06:36","IST",115,116
31,63,"2023-08-28 00:06:36","2023-08-28 00:30:52","IST",117,118
31,45,"2023-08-28 00:15:07","2023-08-28 00:21:59","IST",119,120
45,94,"2023-08-28 00:23:36","2023-08-28 01:11:04","IST",121,122
39,55,"2023-08-28 17:06:11","2023-08-28 17:17:31","IST",123,124
4,50,"2023-08-28 21:41:45","2023-08-28 22:05:56","IST",125,126
48,80,"2023-08-29 05:00:30","2023-08-29 05:26:32","IST",127,128
77,81,"2023-08-29 06:09:52","2023-08-29 06:17:07","IST",129,130
34,81,"2023-08-29 17:51:16","2023-08-29 18:30:27","IST",131,132
5,80,"2023-08-30 10:52:23","2023-08-30 11:43:10","IST",133,134
19,70,"2023-08-30 21:42:38","2023-08-30 22:12:25","IST",135,136
18,58,"2023-08-31 09:14:56","2023-08-31 09:37:28","IST",137,138
55,57,"2023-08-31 10:31:20","2023-08-31 10:33:59","IST",139,140
41,73,"2023-08-31 12:38:28","2023-08-31 13:02:22","IST",141,142
19,80,"2023-09-01 01:05:50","2023-09-01 01:50:00","IST",143,144
80,100,"2023-09-01 01:51:50","2023-09-01 08:20:48","IST",145,146
25,98,"2023-09-01 22:05:10","2023-09-01 23:18:35","IST",147,148
22,30,"2023-09-02 11:53:43","2023-09-02 11:57:53","IST",149,150
29,82,"2023-09-02 12:14:27","2023-09-02 12:56:11","IST",151,152
14,72,"2023-09-02 18:39:13","2023-09-02 19:11:35","IST",153,154
11,69,"2023-09-02 23:29:23","2023-09-03 00:01:31","IST",155,156
37,50,"2023-09-03 13:02:57","2023-09-03 13:09:52","IST",157,158
13,78,"2023-09-03 16:37:15","2023-09-03 17:17:36","IST",159,160
46,83,"2023-09-03 22:32:30","2023-09-03 23:04:32","IST",161,162
32,54,"2023-09-04 10:49:51","2023-09-04 11:01:51","IST",163,164
43,65,"2023-09-04 15:49:39","2023-09-04 16:06:20","IST",165,166
87,87,"2023-09-04 15:49:41","2023-09-04 15:49:42","IST",167,168
35,95,"2023-09-04 15:20:31","2023-09-04 16:06:01","IST",169,170
24,80,"2023-09-05 10:23:13","2023-09-05 11:02:26","IST",171,172
9,51,"2023-09-06 08:44:50","2023-09-06 09:08:05","IST",173,174
17,81,"2023-09-06 11:43:11","2023-09-06 12:24:37","IST",175,176
2,67,"2023-09-07 08:47:03","2023-09-07 09:26:12","IST",177,178
34,98,"2023-09-07 13:13:26","2023-09-07 14:01:58","IST",179,180
98,98,"2023-09-07 14:01:59","2023-09-07 14:02:01","IST",181,182
36,67,"2023-09-07 14:02:03","2023-09-07 14:25:34","IST",183,184
29,50,"2023-09-08 10:18:23","2023-09-08 10:29:58","IST",185,186
50,55,"2023-09-08 10:31:12","2023-09-08 10:34:53","IST",187,188
55,93,"2023-09-08 10:35:53","2023-09-08 11:17:21","IST",189,190
47,82,"2023-09-08 23:25:49","2023-09-08 23:55:17","IST",191,192
31,65,"2023-09-09 17:31:30","2023-09-09 17:54:28","IST",193,194
58,85,"2023-09-09 19:10:40","2023-09-09 19:36:19","IST",195,196
23,72,"2023-09-10 07:53:30","2023-09-10 08:25:17","IST",197,198
72,97,"2023-09-10 08:27:48","2023-09-10 09:21:16","IST",199,200
40,61,"2023-09-10 21:22:32","2023-09-10 21:34:26","IST",201,202
21,74,"2023-09-11 05:21:54","2023-09-11 05:56:10","IST",203,204
61,73,"2023-09-11 09:34:55","2023-09-11 09:49:51","IST",205,206
34,35,"2023-09-16 16:58:58","2023-09-16 16:59:44","IST",207,208
35,35,"2023-09-16 16:59:50","2023-09-16 17:00:07","IST",209,210
35,50,"2023-09-16 17:00:22","2023-09-16 17:10:31","IST",211,212
17,55,"2023-09-16 21:20:15","2023-09-16 21:41:08","IST",213,214
12,72,"2023-09-17 07:39:07","2023-09-17 08:15:20","IST",215,216
16,81,"2023-09-17 21:30:46","2023-09-17 22:19:20","IST",217,218
33,40,"2023-09-18 07:58:31","2023-09-18 08:02:06","IST",219,220
36,46,"2023-09-18 08:44:22","2023-09-18 08:50:02","IST",221,222
43,72,"2023-09-18 09:13:02","2023-09-18 09:32:54","IST",223,224
63,81,"2023-09-18 11:19:28","2023-09-18 11:38:03","IST",225,226
39,78,"2023-09-18 20:37:20","2023-09-18 21:06:23","IST",227,228
10,52,"2023-09-19 12:35:09","2023-09-19 13:01:02","IST",229,230
20,69,"2023-09-19 17:28:53","2023-09-19 17:59:21","IST",231,232
16,83,"2023-09-19 22:24:38","2023-09-19 23:12:05","IST",233,234
20,76,"2023-09-20 08:59:09","2023-09-20 09:35:28","IST",235,236
8,19,"2023-09-21 08:38:02","2023-09-21 08:43:39","IST",237,238
18,19,"2023-09-21 08:54:34","2023-09-21 08:55:40","IST",239,240
17,25,"2023-09-21 09:19:30","2023-09-21 09:24:04","IST",241,242
24,89,"2023-09-21 09:41:28","2023-09-21 10:36:33","IST",243,244
21,40,"2023-09-22 08:07:13","2023-09-22 08:18:33","IST",245,246
19,41,"2023-09-22 12:38:39","2023-09-22 12:50:18","IST",247,248
39,81,"2023-09-22 13:17:16","2023-09-22 13:49:11","IST",249,250
21,75,"2023-09-23 01:01:30","2023-09-23 01:34:25","IST",251,252
27,64,"2023-09-23 11:40:02","2023-09-23 12:00:14","IST",253,254
47,65,"2023-09-23 16:10:23","2023-09-23 16:22:14","IST",255,256
36,73,"2023-09-23 19:42:14","2023-09-23 20:04:28","IST",257,258
13,39,"2023-09-24 12:58:18","2023-09-24 13:11:02","IST",259,260
18,22,"2023-09-24 15:48:04","2023-09-24 15:50:33","IST",261,262
19,89,"2023-09-24 16:17:56","2023-09-24 17:18:43","IST",263,264
35,81,"2023-09-24 22:04:14","2023-09-24 22:37:27","IST",265,266
34,52,"2023-09-25 11:23:00","2023-09-25 11:33:07","IST",267,268
50,81,"2023-09-25 11:57:08","2023-09-25 12:23:47","IST",269,270
23,75,"2023-09-26 08:32:55","2023-09-26 09:06:07","IST",271,272
21,82,"2023-09-26 20:22:06","2023-09-26 21:07:05","IST",273,274
41,65,"2023-09-27 09:42:59","2023-09-27 09:57:47","IST",275,276
21,55,"2023-09-27 23:33:41","2023-09-27 23:53:00","IST",277,278
21,26,"2023-09-28 10:09:13","2023-09-28 10:11:43","IST",279,280
21,81,"2023-09-28 10:57:00","2023-09-28 11:39:40","IST",281,282
19,60,"2023-09-29 00:10:41","2023-09-29 00:33:41","IST",283,284
55,76,"2023-09-29 05:50:44","2023-09-29 06:09:03","IST",285,286
46,57,"2023-09-29 10:18:30","2023-09-29 10:25:19","IST",287,288
57,76,"2023-09-29 10:32:59","2023-09-29 10:46:33","IST",289,290
8,64,"2023-09-30 06:07:34","2023-09-30 06:40:02","IST",291,292
48,75,"2023-09-30 08:04:45","2023-09-30 08:23:43","IST",293,294
71,90,"2023-09-30 08:58:43","2023-09-30 09:23:24","IST",295,296
34,65,"2023-10-01 07:17:49","2023-10-01 07:41:20","IST",297,298
60,65,"2023-10-01 10:29:09","2023-10-01 10:32:57","IST",299,300
60,93,"2023-10-01 10:29:14","2023-10-01 11:08:21","IST",301,302
24,46,"2023-10-02 00:06:09","2023-10-02 00:17:27","IST",303,304
20,65,"2023-10-02 08:56:56","2023-10-02 09:24:47","IST",305,306
21,75,"2023-10-02 15:18:37","2023-10-02 15:53:36","IST",307,308
16,59,"2023-10-02 22:16:40","2023-10-02 22:40:46","IST",309,310
18,26,"2023-10-03 08:43:39","2023-10-03 08:49:43","IST",311,312
26,65,"2023-10-03 08:49:43","2023-10-03 09:19:18","IST",313,314
5,38,"2023-10-03 10:53:56","2023-10-03 11:10:49","IST",315,316
38,55,"2023-10-03 11:32:43","2023-10-03 11:43:42","IST",317,318
13,55,"2023-10-04 00:04:57","2023-10-04 00:29:21","IST",319,320
23,80,"2023-10-04 08:43:15","2023-10-04 09:23:18","IST",321,322
27,83,"2023-10-05 00:17:18","2023-10-05 00:59:58","IST",323,324
43,90,"2023-10-05 12:37:44","2023-10-05 13:22:20","IST",325,326
48,80,"2023-10-06 00:02:48","2023-10-06 00:31:32","IST",327,328
31,66,"2023-10-06 09:25:11","2023-10-06 09:47:58","IST",329,330
34,67,"2023-10-06 13:22:17","2023-10-06 13:47:19","IST",331,332
34,79,"2023-10-06 15:45:31","2023-10-06 16:19:39","IST",333,334
4,28,"2023-10-06 21:40:46","2023-10-06 22:03:50","IST",335,336
28,34,"2023-10-06 22:03:51","2023-10-06 22:09:46","IST",337,338
12,77,"2023-10-07 08:15:11","2023-10-07 08:57:56","IST",339,340
24,42,"2023-10-07 16:54:41","2023-10-07 17:03:53","IST",341,342
42,89,"2023-10-07 17:16:45","2023-10-07 17:56:15","IST",343,344
43,96,"2023-10-08 09:04:39","2023-10-08 09:59:27","IST",345,346
26,81,"2023-10-09 20:13:34","2023-10-09 20:55:14","IST",347,348
42,81,"2023-10-10 10:56:00","2023-10-10 11:25:30","IST",349,350
23,71,"2023-10-11 08:23:00","2023-10-11 08:54:53","IST",351,352
26,93,"2023-10-11 19:14:01","2023-10-11 20:13:09","IST",353,354
37,84,"2023-10-12 12:22:31","2023-10-12 12:59:39","IST",355,356
47,81,"2023-10-12 22:07:02","2023-10-12 22:33:26","IST",357,358
44,66,"2023-10-13 12:41:11","2023-10-13 12:55:32","IST",359,360
54,93,"2023-10-13 14:09:59","2023-10-13 14:50:52","IST",361,362
32,35,"2023-10-13 23:20:30","2023-10-13 23:22:43","IST",363,364
16,88,"2023-10-14 10:20:13","2023-10-14 11:17:08","IST",365,366
72,75,"2023-10-14 14:38:39","2023-10-14 14:44:41","IST",367,368
8,24,"2023-10-15 10:34:13","2023-10-15 10:42:15","IST",369,370
22,68,"2023-10-15 11:19:02","2023-10-15 11:47:35","IST",371,372
17,87,"2023-10-15 21:30:31","2023-10-15 22:21:32","IST",373,374
58,77,"2023-10-16 09:51:01","2023-10-16 10:08:35","IST",375,376
20,43,"2023-10-16 23:43:37","2023-10-16 23:55:36","IST",377,378
27,80,"2023-10-17 10:54:12","2023-10-17 11:30:26","IST",379,380
13,75,"2023-10-18 10:37:47","2023-10-18 11:17:12","IST",381,382
9,38,"2023-10-19 09:17:08","2023-10-19 09:33:16","IST",383,384
23,90,"2023-10-19 12:34:10","2023-10-19 13:33:33","IST",385,386
37,75,"2023-10-20 09:45:48","2023-10-20 10:11:57","IST",387,388
40,81,"2023-10-20 17:22:25","2023-10-20 17:53:17","IST",389,390
44,78,"2023-10-21 10:36:51","2023-10-21 11:01:11","IST",391,392
31,94,"2023-10-21 17:03:15","2023-10-21 18:00:03","IST",393,394
29,96,"2023-10-22 11:43:57","2023-10-22 12:48:38","IST",395,396
9,81,"2023-10-23 06:43:06","2023-10-23 07:33:23","IST",397,398
14,62,"2023-10-24 10:13:56","2023-10-24 10:40:26","IST",399,400
13,69,"2023-10-24 21:06:23","2023-10-24 21:38:29","IST",401,402
21,81,"2023-10-25 10:09:12","2023-10-25 10:51:15","IST",403,404
22,55,"2023-10-26 08:09:50","2023-10-26 08:29:57","IST",405,406
48,92,"2023-10-26 10:50:41","2023-10-26 11:31:11","IST",407,408
6,92,"2023-10-27 12:17:35","2023-10-27 13:17:39","IST",409,410
34,50,"2023-10-28 11:14:54","2023-10-28 11:24:01","IST",411,412
3,89,"2023-10-28 16:47:19","2023-10-28 17:47:15","IST",413,414
17,64,"2023-10-29 13:29:27","2023-10-29 13:57:33","IST",415,416
16,93,"2023-10-29 22:11:38","2023-10-29 23:10:48","IST",417,418
41,97,"2023-10-30 12:15:09","2023-10-30 13:19:26","IST",419,420
25,61,"2023-10-31 12:16:58","2023-10-31 12:37:39","IST",421,422
24,81,"2023-10-31 23:39:15","2023-11-01 00:21:41","IST",423,424
28,89,"2023-11-01 13:47:33","2023-11-01 14:37:16","IST",425,426
16,69,"2023-11-02 10:07:56","2023-11-02 10:42:04","IST",427,428
64,78,"2023-11-02 11:36:15","2023-11-02 11:49:42","IST",429,430
38,100,"2023-11-02 22:07:11","2023-11-02 23:40:59","IST",431,432
24,82,"2023-11-03 21:36:03","2023-11-03 22:14:20","IST",433,434
30,46,"2023-11-04 11:28:07","2023-11-04 11:36:36","IST",435,436
46,80,"2023-11-04 11:37:10","2023-11-04 12:10:03","IST",437,438
41,90,"2023-11-04 19:13:00","2023-11-04 19:55:09","IST",439,440
12,44,"2023-11-05 17:21:15","2023-11-05 17:39:06","IST",441,442
18,89,"2023-11-05 21:38:26","2023-11-05 22:34:34","IST",443,444
44,70,"2023-11-06 10:49:33","2023-11-06 11:06:49","IST",445,446
35,81,"2023-11-06 17:01:15","2023-11-06 17:34:17","IST",447,448
22,71,"2023-11-07 10:58:19","2023-11-07 11:27:11","IST",449,450
32,100,"2023-11-07 23:05:19","2023-11-08 00:33:01","IST",451,452
30,84,"2023-11-08 22:57:48","2023-11-08 23:41:23","IST",453,454
41,92,"2023-11-09 11:36:39","2023-11-09 12:25:01","IST",455,456
29,51,"2023-11-10 09:13:37","2023-11-10 09:26:29","IST",457,458
40,71,"2023-11-10 11:41:58","2023-11-10 12:03:01","IST",459,460
29,82,"2023-11-10 15:45:14","2023-11-10 16:20:21","IST",461,462
48,81,"2023-11-10 22:57:27","2023-11-10 23:22:18","IST",463,464
17,72,"2023-11-11 13:27:51","2023-11-11 14:02:32","IST",465,466
3,100,"2023-11-11 22:00:39","2023-11-11 23:53:58","IST",467,468
15,43,"2023-11-12 13:31:41","2023-11-12 13:46:00","IST",469,470
28,68,"2023-11-12 16:27:51","2023-11-12 16:51:24","IST",471,472
37,100,"2023-11-12 23:22:48","2023-11-13 00:26:33","IST",473,474
30,81,"2023-11-13 11:21:53","2023-11-13 11:55:10","IST",475,476
32,84,"2023-11-13 23:17:31","2023-11-13 23:57:59","IST",477,478
19,20,"2023-11-14 13:38:58","2023-11-14 13:39:28","IST",479,480
20,81,"2023-11-14 13:40:19","2023-11-14 14:18:52","IST",481,482
21,74,"2023-11-14 22:24:41","2023-11-14 22:57:10","IST",483,484
14,68,"2023-11-15 10:48:26","2023-11-15 11:22:58","IST",485,486
67,87,"2023-11-15 11:52:27","2023-11-15 12:14:17","IST",487,488
55,84,"2023-11-15 22:26:41","2023-11-15 22:52:56","IST",489,490
42,45,"2023-11-16 09:43:18","2023-11-16 09:45:26","IST",491,492
40,59,"2023-11-16 10:14:22","2023-11-16 10:26:11","IST",493,494
49,95,"2023-11-16 11:37:29","2023-11-16 12:22:34","IST",495,496
19,28,"2023-11-17 10:19:08","2023-11-17 10:24:23","IST",497,498
18,52,"2023-11-17 11:17:40","2023-11-17 11:37:04","IST",499,500
37,73,"2023-11-17 13:04:28","2023-11-17 13:29:43","IST",501,502
21,92,"2023-11-18 17:25:19","2023-11-18 18:25:00","IST",503,504
17,74,"2023-11-19 06:14:26","2023-11-19 06:50:56","IST",505,506
19,48,"2023-11-20 00:24:23","2023-11-20 00:41:46","IST",507,508
21,23,"2023-11-20 11:05:29","2023-11-20 11:06:22","IST",509,510
11,74,"2023-11-20 12:13:42","2023-11-20 12:52:05","IST",511,512
15,77,"2023-11-21 08:40:17","2023-11-21 09:19:38","IST",513,514
67,83,"2023-11-21 12:09:50","2023-11-21 12:26:43","IST",515,516
23,53,"2023-11-22 11:30:35","2023-11-22 11:49:21","IST",517,518
53,63,"2023-11-22 12:29:08","2023-11-22 12:37:05","IST",519,520
4,35,"2023-11-23 10:25:28","2023-11-23 10:42:56","IST",521,522
31,95,"2023-11-23 11:13:15","2023-11-23 12:07:27","IST",523,524
12,22,"2023-11-24 08:53:50","2023-11-24 09:01:25","IST",525,526
15,81,"2023-11-24 09:55:35","2023-11-24 10:39:53","IST",527,528
21,100,"2023-11-24 22:12:38","2023-11-25 00:13:13","IST",529,530
75,83,"2023-11-25 09:27:23","2023-11-25 09:37:27","IST",531,532
16,100,"2023-11-25 19:42:06","2023-11-25 21:51:58","IST",533,534
29,68,"2023-11-26 11:30:42","2023-11-26 11:53:18","IST",535,536
35,81,"2023-11-26 19:51:47","2023-11-26 20:23:49","IST",537,538
18,100,"2023-11-27 06:33:17","2023-11-27 08:08:49","IST",539,540
5,100,"2023-11-28 01:45:42","2023-11-28 06:35:09","IST",541,542
79,88,"2023-11-28 11:40:25","2023-11-28 11:55:17","IST",543,544
45,69,"2023-11-28 23:19:32","2023-11-28 23:36:01","IST",545,546
69,71,"2023-11-28 23:36:01","2023-11-28 23:37:44","IST",547,548
7,98,"2023-11-29 05:26:06","2023-11-29 06:49:49","IST",549,550
71,79,"2023-11-29 12:23:41","2023-11-29 12:33:22","IST",551,552
25,82,"2023-11-29 23:11:09","2023-11-29 23:49:09","IST",553,554
27,75,"2023-11-30 12:00:32","2023-11-30 12:31:51","IST",555,556
20,40,"2023-12-01 11:34:47","2023-12-01 11:46:45","IST",557,558
30,57,"2023-12-01 12:37:16","2023-12-01 12:52:22","IST",559,560
57,70,"2023-12-01 13:18:39","2023-12-01 13:28:36","IST",561,562
39,81,"2023-12-01 16:03:21","2023-12-01 16:32:02","IST",563,564
39,40,"2023-12-01 22:52:45","2023-12-01 22:54:02","IST",565,566
10,73,"2023-12-02 08:48:18","2023-12-02 09:27:29","IST",567,568
72,96,"2023-12-02 09:46:09","2023-12-02 10:30:36","IST",569,570
16,29,"2023-12-03 11:14:01","2023-12-03 11:21:18","IST",571,572
20,59,"2023-12-03 12:07:29","2023-12-03 12:29:54","IST",573,574
55,71,"2023-12-03 12:56:11","2023-12-03 13:09:14","IST",575,576
71,71,"2023-12-03 13:09:15","2023-12-03 13:09:17","IST",577,578
25,33,"2023-12-03 17:43:49","2023-12-03 17:47:38","IST",579,580
30,81,"2023-12-03 18:15:32","2023-12-03 18:51:49","IST",581,582
7,8,"2023-12-04 10:43:24","2023-12-04 10:44:19","IST",583,584
8,67,"2023-12-04 10:44:36","2023-12-04 11:20:18","IST",585,586
64,100,"2023-12-04 11:47:00","2023-12-04 13:05:32","IST",587,588
40,45,"2023-12-05 11:08:38","2023-12-05 11:11:44","IST",589,590
30,57,"2023-12-05 12:21:22","2023-12-05 12:36:15","IST",591,592
15,21,"2023-12-05 21:37:08","2023-12-05 21:40:05","IST",593,594
21,59,"2023-12-05 21:40:24","2023-12-05 22:02:43","IST",595,596
59,100,"2023-12-05 22:03:10","2023-12-05 23:20:31","IST",597,598
44,53,"2023-12-06 11:02:46","2023-12-06 11:08:30","IST",599,600
53,81,"2023-12-06 11:36:22","2023-12-06 12:07:58","IST",601,602
37,90,"2023-12-06 22:50:46","2023-12-06 23:34:31","IST",603,604
42,81,"2023-12-07 11:03:41","2023-12-07 11:41:29","IST",605,606
9,17,"2023-12-08 10:30:49","2023-12-08 10:34:38","IST",607,608
17,65,"2023-12-08 10:34:45","2023-12-08 11:06:59","IST",609,610
54,86,"2023-12-08 12:15:14","2023-12-08 12:45:29","IST",611,612
6,86,"2023-12-09 10:10:30","2023-12-09 11:07:32","IST",613,614
16,20,"2023-12-09 17:12:59","2023-12-09 17:15:43","IST",615,616
20,94,"2023-12-09 17:32:30","2023-12-09 18:46:46","IST",617,618
25,90,"2023-12-10 12:11:02","2023-12-10 13:01:21","IST",619,620
22,68,"2023-12-10 21:34:31","2023-12-10 22:02:40","IST",621,622
66,66,"2023-12-10 22:58:55","2023-12-10 23:00:23","IST",623,624
13,18,"2023-12-11 10:40:31","2023-12-11 10:43:01","IST",625,626
18,62,"2023-12-11 10:43:09","2023-12-11 11:10:53","IST",627,628
46,85,"2023-12-11 13:22:17","2023-12-11 13:55:27","IST",629,630
27,80,"2023-12-12 10:53:05","2023-12-12 11:33:03","IST",631,632
76,83,"2023-12-12 12:30:24","2023-12-12 12:40:28","IST",633,634
31,33,"2023-12-13 00:24:54","2023-12-13 00:26:09","IST",635,636
9,9,"2023-12-13 11:05:20","2023-12-13 11:05:38","IST",637,638
9,78,"2023-12-13 11:05:46","2023-12-13 11:49:11","IST",639,640
78,91,"2023-12-13 11:49:14","2023-12-13 12:11:22","IST",641,642
22,53,"2023-12-14 12:11:15","2023-12-14 12:27:27","IST",643,644
39,40,"2023-12-14 15:06:44","2023-12-14 15:07:45","IST",645,646
38,83,"2023-12-14 15:20:34","2023-12-14 15:53:28","IST",647,648
14,67,"2023-12-15 11:14:56","2023-12-15 11:47:45","IST",649,650
49,81,"2023-12-15 15:47:22","2023-12-15 16:13:03","IST",651,652
32,55,"2023-12-16 09:30:12","2023-12-16 09:47:39","IST",653,654
52,58,"2023-12-16 10:12:55","2023-12-16 10:17:37","IST",655,656
54,74,"2023-12-16 14:08:24","2023-12-16 14:24:26","IST",657,658
12,57,"2023-12-17 11:33:34","2023-12-17 11:59:54","IST",659,660
57,81,"2023-12-17 12:00:12","2023-12-17 12:20:19","IST",661,662
31,58,"2023-12-17 21:13:32","2023-12-17 21:29:41","IST",663,664
14,38,"2023-12-18 02:13:58","2023-12-18 02:25:47","IST",665,666
21,24,"2023-12-18 10:37:37","2023-12-18 10:39:29","IST",667,668
16,41,"2023-12-18 11:43:43","2023-12-18 11:56:41","IST",669,670
40,64,"2023-12-18 12:11:15","2023-12-18 12:27:08","IST",671,672
64,69,"2023-12-18 12:27:24","2023-12-18 12:33:12","IST",673,674
69,81,"2023-12-18 12:34:02","2023-12-18 12:44:52","IST",675,676
11,73,"2023-12-19 09:53:16","2023-12-19 10:33:27","IST",677,678
54,78,"2023-12-19 12:12:01","2023-12-19 12:31:20","IST",679,680
23,82,"2023-12-19 20:38:29","2023-12-19 21:20:51","IST",681,682
21,81,"2023-12-20 10:41:49","2023-12-20 11:31:10","IST",683,684
81,88,"2023-12-20 11:49:09","2023-12-20 12:04:44","IST",685,686
13,74,"2023-12-21 13:20:04","2023-12-21 14:00:10","IST",687,688
15,99,"2023-12-22 10:30:29","2023-12-22 12:01:16","IST",689,690
32,75,"2023-12-23 12:06:49","2023-12-23 12:34:50","IST",691,692
32,36,"2023-12-23 17:46:48","2023-12-23 17:48:49","GMT+5:30",693,694
23,81,"2023-12-23 19:30:14","2023-12-23 20:09:08","GMT+5:30",695,696
5,44,"2023-12-24 13:51:44","2023-12-24 14:12:49","GMT+5:30",697,698
13,70,"2023-12-24 17:02:53","2023-12-24 17:37:30","GMT+5:30",699,700
40,91,"2023-12-24 21:55:53","2023-12-24 22:43:19","GMT+5:30",701,702
28,41,"2023-12-25 16:16:06","2023-12-25 16:23:09","GMT+5:30",703,704
41,81,"2023-12-25 16:38:58","2023-12-25 17:08:52","GMT+5:30",705,706
35,73,"2023-12-26 12:34:29","2023-12-26 12:59:30","GMT+5:30",707,708
44,71,"2023-12-26 19:02:55","2023-12-26 19:21:21","GMT+5:30",709,710
14,59,"2023-12-27 10:44:10","2023-12-27 11:07:53","GMT+5:30",711,712
38,81,"2023-12-27 15:37:33","2023-12-27 16:07:34","GMT+5:30",713,714
48,72,"2023-12-28 11:27:46","2023-12-28 11:45:58","GMT+5:30",715,716
33,81,"2023-12-28 18:21:10","2023-12-28 18:55:31","GMT+5:30",717,718
20,76,"2023-12-29 10:57:42","2023-12-29 11:36:27","GMT+5:30",719,720
8,52,"2023-12-29 19:19:52","2023-12-29 19:42:49","GMT+5:30",721,722
39,83,"2023-12-29 21:48:09","2023-12-29 22:21:45","GMT+5:30",723,724
44,81,"2023-12-30 15:17:50","2023-12-30 15:45:55","GMT+5:30",725,726
25,83,"2023-12-30 22:40:49","2023-12-30 23:21:25","GMT+5:30",727,728
28,83,"2023-12-31 14:47:34","2023-12-31 15:26:49","GMT+5:30",729,730
11,53,"2024-01-01 07:40:17","2024-01-01 08:02:34","GMT+5:30",731,732
31,42,"2024-01-01 13:44:21","2024-01-01 13:50:30","GMT+5:30",733,734
20,35,"2024-01-01 16:48:41","2024-01-01 16:58:02","GMT+5:30",735,736
23,81,"2024-01-01 18:16:18","2024-01-01 18:53:52","GMT+5:30",737,738
13,77,"2024-01-02 08:57:02","2024-01-02 09:41:15","GMT+5:30",739,740
61,66,"2024-01-02 11:56:04","2024-01-02 12:01:09","GMT+5:30",741,742
66,77,"2024-01-02 12:14:23","2024-01-02 12:25:17","GMT+5:30",743,744
56,61,"2024-01-03 11:49:03","2024-01-03 11:53:45","GMT+5:30",745,746
61,69,"2024-01-03 12:22:46","2024-01-03 12:29:38","GMT+5:30",747,748
15,28,"2024-01-03 23:35:29","2024-01-03 23:43:55","GMT+5:30",749,750
17,68,"2024-01-04 00:58:15","2024-01-04 01:36:56","GMT+5:30",751,752
48,48,"2024-01-04 01:15:29","2024-01-04 01:15:29","GMT+5:30",753,754
33,48,"2024-01-04 01:04:08","2024-01-04 01:15:31","IST",755,756
8,17,"2024-01-04 10:54:16","2024-01-04 10:58:59","GMT+5:30",757,758
12,51,"2024-01-04 11:26:49","2024-01-04 11:49:05","GMT+5:30",759,760
51,61,"2024-01-04 11:51:01","2024-01-04 11:57:18","GMT+5:30",761,762
56,63,"2024-01-04 12:47:29","2024-01-04 12:53:12","GMT+5:30",763,764
12,60,"2024-01-05 00:40:15","2024-01-05 01:06:20","GMT+5:30",765,766
13,50,"2024-01-05 13:06:07","2024-01-05 13:24:31","GMT+5:30",767,768
30,81,"2024-01-05 16:02:21","2024-01-05 16:35:41","GMT+5:30",769,770
9,47,"2024-01-06 03:27:14","2024-01-06 03:46:38","GMT+5:30",771,772
24,80,"2024-01-06 13:24:25","2024-01-06 14:01:59","GMT+5:30",773,774
38,83,"2024-01-06 20:46:08","2024-01-06 21:20:50","GMT+5:30",775,776
35,74,"2024-01-07 11:20:51","2024-01-07 11:47:00","GMT+5:30",777,778
74,80,"2024-01-07 11:47:25","2024-01-07 11:58:26","GMT+5:30",779,780
20,36,"2024-01-07 19:35:09","2024-01-07 19:43:40","GMT+5:30",781,782
14,89,"2024-01-07 21:59:39","2024-01-07 22:51:17","GMT+5:30",783,784
36,99,"2024-01-08 13:51:35","2024-01-08 15:13:11","GMT+5:30",785,786
19,77,"2024-01-09 10:43:23","2024-01-09 11:21:57","GMT+5:30",787,788
70,71,"2024-01-09 12:16:07","2024-01-09 12:19:35","GMT+5:30",789,790
32,81,"2024-01-10 00:03:04","2024-01-10 00:38:09","GMT+5:30",791,792
24,76,"2024-01-10 12:06:08","2024-01-10 12:39:30","GMT+5:30",793,794
39,98,"2024-01-10 22:16:29","2024-01-10 23:31:28","GMT+5:30",795,796
43,75,"2024-01-11 12:10:07","2024-01-11 12:33:11","GMT+5:30",797,798
27,69,"2024-01-12 00:27:22","2024-01-12 00:53:17","GMT+5:30",799,800
29,82,"2024-01-12 12:32:44","2024-01-12 13:09:00","GMT+5:30",801,802
42,100,"2024-01-12 22:20:53","2024-01-12 23:38:49","GMT+5:30",803,804
31,64,"2024-01-13 13:47:20","2024-01-13 14:07:01","GMT+5:30",805,806
20,81,"2024-01-13 22:26:57","2024-01-13 23:06:50","GMT+5:30",807,808
1,66,"2024-01-14 12:41:56","2024-01-14 13:19:08","GMT+5:30",809,810
21,33,"2024-01-14 18:16:58","2024-01-14 18:28:00","GMT+5:30",811,812
27,87,"2024-01-14 19:13:24","2024-01-14 19:57:43","GMT+5:30",813,814
23,75,"2024-01-15 10:22:18","2024-01-15 10:56:57","GMT+5:30",815,816
34,81,"2024-01-15 21:06:18","2024-01-15 21:38:49","GMT+5:30",817,818
13,72,"2024-01-16 11:14:04","2024-01-16 11:51:48","GMT+5:30",819,820
66,84,"2024-01-16 12:24:39","2024-01-16 12:44:26","GMT+5:30",821,822
7,65,"2024-01-17 11:08:25","2024-01-17 11:43:16","GMT+5:30",823,824
56,78,"2024-01-17 12:32:24","2024-01-17 12:51:42","GMT+5:30",825,826
34,93,"2024-01-17 23:20:19","2024-01-18 00:15:51","GMT+5:30",827,828
46,82,"2024-01-18 11:37:56","2024-01-18 12:06:04","GMT+5:30",829,830
20,43,"2024-01-19 09:17:13","2024-01-19 09:29:54","GMT+5:30",831,832
18,80,"2024-01-19 11:59:15","2024-01-19 12:40:24","GMT+5:30",833,834
44,81,"2024-01-19 22:05:19","2024-01-19 22:33:13","GMT+5:30",835,836
14,92,"2024-01-20 11:28:15","2024-01-20 12:24:23","GMT+5:30",837,838
19,70,"2024-01-20 21:12:47","2024-01-20 21:44:41","GMT+5:30",839,840
69,81,"2024-01-20 21:58:14","2024-01-20 22:11:57","GMT+5:30",841,842
12,71,"2024-01-21 10:57:38","2024-01-21 11:31:58","GMT+5:30",843,844
21,45,"2024-01-21 18:09:37","2024-01-21 18:23:25","GMT+5:30",845,846
15,38,"2024-01-21 21:07:05","2024-01-21 21:18:43","GMT+5:30",847,848
19,78,"2024-01-21 22:13:47","2024-01-21 22:52:35","GMT+5:30",849,850
9,31,"2024-01-22 11:32:07","2024-01-22 11:49:42","GMT+5:30",851,852
20,87,"2024-01-22 12:12:02","2024-01-22 13:00:56","GMT+5:30",853,854
18,80,"2024-01-23 09:20:55","2024-01-23 10:01:59","GMT+5:30",855,856
65,80,"2024-01-23 11:57:14","2024-01-23 12:13:23","GMT+5:30",857,858
31,81,"2024-01-23 22:25:51","2024-01-23 22:59:22","GMT+5:30",859,860
26,46,"2024-01-24 10:07:22","2024-01-24 10:18:11","GMT+5:30",861,862
40,55,"2024-01-24 10:47:51","2024-01-24 10:59:49","GMT+5:30",863,864
55,80,"2024-01-24 11:04:58","2024-01-24 11:29:14","GMT+5:30",865,866
47,81,"2024-01-24 22:10:42","2024-01-24 22:36:54","GMT+5:30",867,868
36,50,"2024-01-25 09:31:27","2024-01-25 09:39:17","GMT+5:30",869,870
38,100,"2024-01-25 10:24:10","2024-01-25 11:31:57","GMT+5:30",871,872
17,35,"2024-01-26 03:33:34","2024-01-26 03:42:54","GMT+5:30",873,874
27,67,"2024-01-26 10:35:16","2024-01-26 10:59:56","GMT+5:30",875,876
37,51,"2024-01-26 12:02:33","2024-01-26 12:11:03","GMT+5:30",877,878
18,52,"2024-01-26 14:58:13","2024-01-26 15:15:57","GMT+5:30",879,880
19,42,"2024-01-26 18:06:04","2024-01-26 18:17:40","GMT+5:30",881,882
25,90,"2024-01-26 19:44:36","2024-01-26 20:30:05","GMT+5:30",883,884
12,45,"2024-01-27 02:48:15","2024-01-27 03:03:26","GMT+5:30",885,886
7,91,"2024-01-27 12:25:35","2024-01-27 13:25:29","GMT+5:30",887,888
18,51,"2024-01-27 20:09:55","2024-01-27 20:28:50","GMT+5:30",889,890
39,64,"2024-01-27 21:51:13","2024-01-27 22:06:39","GMT+5:30",891,892
17,63,"2024-01-28 10:54:36","2024-01-28 11:23:36","GMT+5:30",893,894
54,83,"2024-01-28 12:28:02","2024-01-28 12:53:28","GMT+5:30",895,896
23,82,"2024-01-28 21:06:46","2024-01-28 21:44:40","GMT+5:30",897,898
34,82,"2024-01-29 09:56:22","2024-01-29 10:30:18","GMT+5:30",899,900
38,81,"2024-01-29 21:38:27","2024-01-29 22:08:01","GMT+5:30",901,902
34,69,"2024-01-30 11:49:30","2024-01-30 12:10:37","GMT+5:30",903,904
59,92,"2024-01-30 13:37:49","2024-01-30 14:10:01","GMT+5:30",905,906
15,15,"2024-01-31 10:54:09","2024-01-31 10:54:37","GMT+5:30",907,908
10,47,"2024-01-31 11:22:36","2024-01-31 11:47:24","GMT+5:30",909,910
41,44,"2024-01-31 12:00:13","2024-01-31 12:04:12","GMT+5:30",911,912
44,80,"2024-01-31 12:25:48","2024-01-31 13:06:11","GMT+5:30",913,914
19,56,"2024-02-01 01:50:56","2024-02-01 02:10:57","GMT+5:30",915,916
45,61,"2024-02-01 08:28:21","2024-02-01 08:38:38","GMT+5:30",917,918
26,81,"2024-02-01 13:13:27","2024-02-01 13:51:45","GMT+5:30",919,920
43,54,"2024-02-01 23:33:10","2024-02-01 23:40:11","GMT+5:30",921,922
19,59,"2024-02-02 12:12:41","2024-02-02 12:36:19","GMT+5:30",923,924
50,75,"2024-02-02 13:34:22","2024-02-02 13:52:31","GMT+5:30",925,926
9,33,"2024-02-03 08:59:36","2024-02-03 09:12:13","GMT+5:30",927,928
15,80,"2024-02-03 10:45:30","2024-02-03 11:26:26","GMT+5:30",929,930
20,61,"2024-02-03 22:35:40","2024-02-03 22:59:14","GMT+5:30",931,932
20,100,"2024-02-04 06:45:58","2024-02-04 08:00:07","GMT+5:30",933,934
30,81,"2024-02-04 21:19:03","2024-02-04 21:51:56","GMT+5:30",935,936
20,29,"2024-02-05 12:08:34","2024-02-05 12:13:11","GMT+5:30",937,938
26,43,"2024-02-05 12:37:05","2024-02-05 12:45:43","GMT+5:30",939,940
33,81,"2024-02-05 13:30:19","2024-02-05 14:05:38","GMT+5:30",941,942
49,82,"2024-02-06 00:03:55","2024-02-06 00:30:28","GMT+5:30",943,944
24,53,"2024-02-06 12:24:56","2024-02-06 12:40:37","GMT+5:30",945,946
33,83,"2024-02-06 18:46:28","2024-02-06 19:22:18","GMT+5:30",947,948
14,81,"2024-02-07 09:35:34","2024-02-07 10:19:08","GMT+5:30",949,950
16,85,"2024-02-07 21:26:39","2024-02-07 22:13:37","GMT+5:30",951,952
14,80,"2024-02-08 13:23:25","2024-02-08 14:07:24","GMT+5:30",953,954
56,63,"2024-02-08 22:34:01","2024-02-08 22:39:55","GMT+5:30",955,956
35,83,"2024-02-09 17:21:25","2024-02-09 17:58:27","GMT+5:30",957,958
8,17,"2024-02-10 11:20:27","2024-02-10 11:25:13","GMT+5:30",959,960
6,100,"2024-02-10 12:35:42","2024-02-10 14:09:42","GMT+5:30",961,962
18,31,"2024-02-11 01:33:08","2024-02-11 01:42:33","GMT+5:30",963,964
17,42,"2024-02-11 03:06:11","2024-02-11 03:19:21","GMT+5:30",965,966
6,47,"2024-02-11 12:43:44","2024-02-11 13:07:18","GMT+5:30",967,968
47,80,"2024-02-11 13:10:26","2024-02-11 13:38:13","GMT+5:30",969,970
26,82,"2024-02-11 21:52:57","2024-02-11 22:30:07","GMT+5:30",971,972
29,62,"2024-02-12 11:30:42","2024-02-12 11:49:51","GMT+5:30",973,974
18,48,"2024-02-13 00:34:04","2024-02-13 00:50:00","GMT+5:30",975,976
20,38,"2024-02-13 10:00:49","2024-02-13 10:10:01","GMT+5:30",977,978
33,63,"2024-02-13 10:46:13","2024-02-13 11:04:39","GMT+5:30",979,980
60,93,"2024-02-13 11:41:51","2024-02-13 12:18:46","GMT+5:30",981,982
9,33,"2024-02-14 07:34:40","2024-02-14 07:46:46","GMT+5:30",983,984
19,70,"2024-02-14 11:09:10","2024-02-14 11:42:02","GMT+5:30",985,986
67,75,"2024-02-14 12:24:50","2024-02-14 12:34:04","GMT+5:30",987,988
16,35,"2024-02-15 00:33:36","2024-02-15 00:47:17","GMT+5:30",989,990
19,41,"2024-02-15 03:01:31","2024-02-15 03:12:23","GMT+5:30",991,992
18,28,"2024-02-15 11:55:35","2024-02-15 12:00:23","GMT+5:30",993,994
28,51,"2024-02-15 12:15:02","2024-02-15 12:28:18","GMT+5:30",995,996
40,81,"2024-02-15 16:31:43","2024-02-15 17:38:31","GMT+5:30",997,998
20,42,"2024-02-15 23:54:30","2024-02-16 00:04:58","GMT+5:30",999,1000
1,50,"2024-02-16 11:49:31","2024-02-16 12:17:04","GMT+5:30",1001,1002
50,59,"2024-02-16 12:17:04","2024-02-16 12:22:44","GMT+5:30",1003,1004
37,72,"2024-02-16 21:23:20","2024-02-16 21:45:18","GMT+5:30",1005,1006
6,53,"2024-02-17 12:17:08","2024-02-17 12:42:20","GMT+5:30",1007,1008
43,80,"2024-02-17 13:27:42","2024-02-17 13:59:00","GMT+5:30",1009,1010
28,82,"2024-02-17 20:23:52","2024-02-17 21:00:49","GMT+5:30",1011,1012
15,75,"2024-02-18 12:09:32","2024-02-18 12:46:40","GMT+5:30",1013,1014
20,91,"2024-02-18 19:21:41","2024-02-18 20:15:06","GMT+5:30",1015,1016
2,80,"2024-02-19 12:06:14","2024-02-19 12:55:34","GMT+5:30",1017,1018
2,2,"2024-02-20 04:39:32","2024-02-20 04:39:37","GMT+5:30",1019,1020
2,28,"2024-02-20 04:39:37","2024-02-20 05:04:38","GMT+5:30",1021,1022
7,55,"2024-02-20 12:41:34","2024-02-20 13:07:33","GMT+5:30",1023,1024
55,61,"2024-02-20 13:07:38","2024-02-20 13:11:54","GMT+5:30",1025,1026
17,66,"2024-02-20 23:45:40","2024-02-21 00:14:11","GMT+5:30",1027,1028
33,83,"2024-02-21 08:49:46","2024-02-21 09:27:21","GMT+5:30",1029,1030
47,82,"2024-02-21 20:50:39","2024-02-21 21:17:18","GMT+5:30",1031,1032
15,63,"2024-02-22 10:15:42","2024-02-22 10:42:54","GMT+5:30",1033,1034
31,44,"2024-02-22 18:27:23","2024-02-22 18:34:34","GMT+5:30",1035,1036
44,55,"2024-02-22 18:37:21","2024-02-22 18:43:54","GMT+5:30",1037,1038
21,68,"2024-02-23 00:46:23","2024-02-23 01:13:13","GMT+5:30",1039,1040
15,33,"2024-02-23 12:31:40","2024-02-23 12:40:14","GMT+5:30",1041,1042
33,82,"2024-02-23 12:53:01","2024-02-23 13:34:17","GMT+5:30",1043,1044
16,73,"2024-02-24 01:07:08","2024-02-24 01:44:01","GMT+5:30",1045,1046
58,88,"2024-02-24 09:17:33","2024-02-24 09:46:52","GMT+5:30",1047,1048
16,49,"2024-02-24 17:39:24","2024-02-24 18:01:17","GMT+5:30",1049,1050
41,81,"2024-02-24 21:38:53","2024-02-24 22:06:58","GMT+5:30",1051,1052
19,60,"2024-02-25 09:22:49","2024-02-25 09:48:14","GMT+5:30",1053,1054
55,95,"2024-02-25 10:22:54","2024-02-25 11:19:51","GMT+5:30",1055,1056
36,81,"2024-02-25 22:48:45","2024-02-25 23:24:42","GMT+5:30",1057,1058
59,82,"2024-02-26 10:20:30","2024-02-26 10:42:40","GMT+5:30",1059,1060
46,81,"2024-02-26 17:48:52","2024-02-26 18:15:19","GMT+5:30",1061,1062
43,85,"2024-02-26 23:49:20","2024-02-27 00:23:31","GMT+5:30",1063,1064
32,70,"2024-02-27 11:23:50","2024-02-27 11:49:01","GMT+5:30",1065,1066
66,76,"2024-02-27 12:15:53","2024-02-27 12:25:52","GMT+5:30",1067,1068
10,52,"2024-02-28 03:40:41","2024-02-28 04:01:58","GMT+5:30",1069,1070
40,90,"2024-02-28 09:39:06","2024-02-28 10:21:35","GMT+5:30",1071,1072
51,81,"2024-02-28 13:03:23","2024-02-28 13:25:33","GMT+5:30",1073,1074
42,81,"2024-02-28 22:36:34","2024-02-28 23:05:41","GMT+5:30",1075,1076
18,55,"2024-02-29 13:05:27","2024-02-29 13:27:22","GMT+5:30",1077,1078
32,84,"2024-02-29 22:50:12","2024-02-29 23:27:52","GMT+5:30",1079,1080
12,68,"2024-03-01 09:08:49","2024-03-01 09:43:33","GMT+5:30",1081,1082
22,81,"2024-03-01 13:40:56","2024-03-01 14:19:14","GMT+5:30",1083,1084
20,98,"2024-03-02 06:24:59","2024-03-02 08:23:23","GMT+5:30",1085,1086
8,55,"2024-03-03 06:08:20","2024-03-03 06:35:27","GMT+5:30",1087,1088
29,86,"2024-03-03 10:22:30","2024-03-03 11:05:10","GMT+5:30",1089,1090
28,82,"2024-03-03 17:08:42","2024-03-03 17:46:42","GMT+5:30",1091,1092
25,48,"2024-03-04 07:30:44","2024-03-04 07:45:13","GMT+5:30",1093,1094
17,93,"2024-03-04 10:08:35","2024-03-04 11:21:22","GMT+5:30",1095,1096
20,41,"2024-03-05 10:23:29","2024-03-05 10:34:01","GMT+5:30",1097,1098
41,66,"2024-03-05 11:18:20","2024-03-05 11:35:22","GMT+5:30",1099,1100
32,86,"2024-03-05 19:18:45","2024-03-05 20:04:31","GMT+5:30",1101,1102
40,58,"2024-03-06 09:06:44","2024-03-06 09:18:04","GMT+5:30",1103,1104
11,36,"2024-03-06 13:17:29","2024-03-06 13:29:42","GMT+5:30",1105,1106
25,60,"2024-03-06 20:23:07","2024-03-06 20:43:37","GMT+5:30",1107,1108
17,59,"2024-03-07 07:46:39","2024-03-07 08:10:47","GMT+5:30",1109,1110
46,86,"2024-03-07 10:13:13","2024-03-07 10:49:30","GMT+5:30",1111,1112
19,20,"2024-03-07 22:38:04","2024-03-07 22:38:40","GMT+5:30",1113,1114
20,80,"2024-03-07 22:39:14","2024-03-07 23:23:09","GMT+5:30",1115,1116
17,92,"2024-03-09 06:59:29","2024-03-09 08:08:39","GMT+5:30",1117,1118
92,94,"2024-03-09 08:10:42","2024-03-09 08:19:14","GMT+5:30",1119,1120
21,76,"2024-03-09 20:37:32","2024-03-09 21:14:18","GMT+5:30",1121,1122
38,83,"2024-03-10 10:56:21","2024-03-10 11:30:54","GMT+5:30",1123,1124
23,85,"2024-03-10 17:05:09","2024-03-10 17:49:47","GMT+5:30",1125,1126
53,81,"2024-03-10 23:33:51","2024-03-10 23:57:58","GMT+5:30",1127,1128
12,91,"2024-03-11 12:09:46","2024-03-11 13:04:21","GMT+5:30",1129,1130
15,48,"2024-03-12 08:59:41","2024-03-12 09:18:49","GMT+5:30",1131,1132
16,75,"2024-03-12 12:51:14","2024-03-12 13:28:49","GMT+5:30",1133,1134
14,77,"2024-03-13 09:38:02","2024-03-13 10:18:56","GMT+5:30",1135,1136
31,83,"2024-03-13 16:44:49","2024-03-13 17:19:38","GMT+5:30",1137,1138
20,68,"2024-03-14 07:17:39","2024-03-14 07:47:53","GMT+5:30",1139,1140
68,84,"2024-03-14 08:03:37","2024-03-14 08:21:47","GMT+5:30",1141,1142
84,89,"2024-03-14 08:30:45","2024-03-14 08:41:46","GMT+5:30",1143,1144
5,8,"2024-03-15 10:45:25","2024-03-15 10:47:05","GMT+5:30",1145,1146
8,23,"2024-03-15 10:49:46","2024-03-15 10:56:44","GMT+5:30",1147,1148
17,61,"2024-03-15 11:09:51","2024-03-15 11:34:49","GMT+5:30",1149,1150
36,88,"2024-03-15 18:39:07","2024-03-15 19:21:39","GMT+5:30",1151,1152
7,82,"2024-03-16 14:39:15","2024-03-16 15:26:53","GMT+5:30",1153,1154
1,19,"2024-03-17 11:34:57","2024-03-17 11:44:22","GMT+5:30",1155,1156
19,78,"2024-03-17 11:44:33","2024-03-17 12:23:20","GMT+5:30",1157,1158
78,79,"2024-03-17 12:23:26","2024-03-17 12:24:59","GMT+5:30",1159,1160
79,86,"2024-03-17 12:35:56","2024-03-17 12:44:50","GMT+5:30",1161,1162
35,74,"2024-03-17 21:36:25","2024-03-17 22:02:29","GMT+5:30",1163,1164
17,38,"2024-03-18 10:53:09","2024-03-18 11:13:44","GMT+5:30",1165,1166
34,57,"2024-03-18 12:06:19","2024-03-18 12:21:10","GMT+5:30",1167,1168
41,93,"2024-03-18 14:05:57","2024-03-18 14:52:23","GMT+5:30",1169,1170
18,33,"2024-03-19 10:49:10","2024-03-19 11:04:32","GMT+5:30",1171,1172
19,57,"2024-03-19 11:45:03","2024-03-19 12:06:42","GMT+5:30",1173,1174
13,38,"2024-03-20 00:18:23","2024-03-20 00:30:59","GMT+5:30",1175,1176
11,34,"2024-03-20 10:27:13","2024-03-20 10:41:07","GMT+5:30",1177,1178
8,89,"2024-03-20 12:29:24","2024-03-20 13:26:34","GMT+5:30",1179,1180
13,31,"2024-03-21 10:23:47","2024-03-21 10:38:05","GMT+5:30",1181,1182
9,23,"2024-03-21 11:44:49","2024-03-21 11:51:40","GMT+5:30",1183,1184
20,81,"2024-03-21 12:32:17","2024-03-21 13:14:36","GMT+5:30",1185,1186
28,82,"2024-03-22 12:31:45","2024-03-22 13:09:25","GMT+5:30",1187,1188
9,39,"2024-03-23 02:17:33","2024-03-23 02:31:44","GMT+5:30",1189,1190
26,63,"2024-03-23 08:09:57","2024-03-23 08:33:31","GMT+5:30",1191,1192
63,97,"2024-03-23 08:46:23","2024-03-23 09:35:09","GMT+5:30",1193,1194
12,47,"2024-03-24 01:55:38","2024-03-24 02:13:33","GMT+5:30",1195,1196
24,81,"2024-03-24 11:02:20","2024-03-24 11:38:50","GMT+5:30",1197,1198
21,27,"2024-03-24 19:48:03","2024-03-24 19:51:28","GMT+5:30",1199,1200
11,72,"2024-03-24 20:37:20","2024-03-24 21:25:30","GMT+5:30",1201,1202
27,75,"2024-03-25 09:40:22","2024-03-25 10:13:37","GMT+5:30",1203,1204
45,82,"2024-03-25 12:40:52","2024-03-25 13:10:02","GMT+5:30",1205,1206
21,74,"2024-03-26 08:17:39","2024-03-26 08:53:30","GMT+5:30",1207,1208
29,83,"2024-03-26 12:45:35","2024-03-26 13:25:08","GMT+5:30",1209,1210
6,60,"2024-03-27 10:13:20","2024-03-27 10:44:57","GMT+5:30",1211,1212
51,83,"2024-03-27 12:13:03","2024-03-27 12:35:46","GMT+5:30",1213,1214
7,42,"2024-03-28 02:03:31","2024-03-28 02:20:34","GMT+5:30",1215,1216
35,84,"2024-03-28 07:29:15","2024-03-28 08:05:59","GMT+5:30",1217,1218
22,96,"2024-03-28 21:04:46","2024-03-28 22:04:43","GMT+5:30",1219,1220
39,61,"2024-03-29 10:30:41","2024-03-29 10:44:29","GMT+5:30",1221,1222
59,81,"2024-03-29 11:21:00","2024-03-29 11:41:25","GMT+5:30",1223,1224
77,87,"2024-03-29 12:33:36","2024-03-29 12:51:40","GMT+5:30",1225,1226
15,19,"2024-03-30 10:26:12","2024-03-30 10:28:32","GMT+5:30",1227,1228
19,57,"2024-03-30 10:28:39","2024-03-30 11:05:34","GMT+5:30",1229,1230
10,76,"2024-03-30 19:23:06","2024-03-30 20:13:53","GMT+5:30",1231,1232
31,40,"2024-03-31 07:17:41","2024-03-31 07:24:31","IST",1233,1234
17,63,"2024-03-31 09:23:47","2024-03-31 09:54:10","GMT+5:30",1235,1236
17,59,"2024-03-31 16:39:28","2024-03-31 17:01:46","GMT+5:30",1237,1238
13,81,"2024-03-31 21:18:41","2024-03-31 21:59:23","GMT+5:30",1239,1240
12,58,"2024-04-01 12:06:04","2024-04-01 12:33:04","GMT+5:30",1241,1242
58,81,"2024-04-01 12:40:03","2024-04-01 13:28:36","GMT+5:30",1243,1244
51,81,"2024-04-01 16:17:10","2024-04-01 16:37:57","GMT+5:30",1245,1246
36,84,"2024-04-02 09:00:16","2024-04-02 09:34:28","GMT+5:30",1247,1248
22,85,"2024-04-02 21:13:48","2024-04-02 21:57:25","GMT+5:30",1249,1250
9,54,"2024-04-03 13:23:02","2024-04-03 13:47:25","GMT+5:30",1251,1252
56,88,"2024-04-03 13:49:05","2024-04-03 14:16:27","GMT+5:30",1253,1254
6,95,"2024-04-04 13:41:59","2024-04-04 14:46:42","GMT+5:30",1255,1256
20,96,"2024-04-05 12:16:53","2024-04-05 13:20:01","GMT+5:30",1257,1258
9,29,"2024-04-06 11:17:57","2024-04-06 11:28:01","GMT+5:30",1259,1260
17,73,"2024-04-06 13:00:38","2024-04-06 13:33:23","GMT+5:30",1261,1262
5,51,"2024-04-07 01:05:14","2024-04-07 01:32:35","GMT+5:30",1263,1264
16,34,"2024-04-07 12:25:47","2024-04-07 12:35:00","GMT+5:30",1265,1266
34,71,"2024-04-07 12:51:47","2024-04-07 13:15:32","GMT+5:30",1267,1268
14,81,"2024-04-07 23:17:12","2024-04-08 00:01:09","GMT+5:30",1269,1270
16,88,"2024-04-08 12:36:07","2024-04-08 13:35:09","GMT+5:30",1271,1272
9,46,"2024-04-09 11:48:54","2024-04-09 12:09:15","GMT+5:30",1273,1274
18,48,"2024-04-09 15:54:35","2024-04-09 16:09:44","GMT+5:30",1275,1276
18,64,"2024-04-09 18:50:43","2024-04-09 19:15:16","GMT+5:30",1277,1278
5,46,"2024-04-10 09:20:55","2024-04-10 09:42:49","GMT+5:30",1279,1280
33,45,"2024-04-10 10:49:16","2024-04-10 10:55:53","GMT+5:30",1281,1282
24,72,"2024-04-10 17:31:31","2024-04-10 18:00:38","GMT+5:30",1283,1284
1,61,"2024-04-11 11:34:27","2024-04-11 12:07:18","GMT+5:30",1285,1286
30,33,"2024-04-11 15:17:21","2024-04-11 15:19:02","GMT+5:30",1287,1288
33,47,"2024-04-11 15:19:39","2024-04-11 15:27:45","GMT+5:30",1289,1290
47,69,"2024-04-11 15:30:48","2024-04-11 15:45:24","GMT+5:30",1291,1292
10,59,"2024-04-11 22:15:22","2024-04-11 22:43:01","GMT+5:30",1293,1294
23,100,"2024-04-12 10:44:12","2024-04-12 12:21:08","GMT+5:30",1295,1296
9,31,"2024-04-12 23:59:55","2024-04-13 00:11:31","GMT+5:30",1297,1298
2,11,"2024-04-13 10:35:43","2024-04-13 10:40:24","GMT+5:30",1299,1300
9,76,"2024-04-13 10:52:38","2024-04-13 11:35:22","GMT+5:30",1301,1302
7,81,"2024-04-13 22:13:04","2024-04-13 23:01:11","GMT+5:30",1303,1304
13,52,"2024-04-14 14:19:33","2024-04-14 14:40:12","GMT+5:30",1305,1306
11,81,"2024-04-14 21:16:02","2024-04-14 21:59:08","GMT+5:30",1307,1308
33,68,"2024-04-15 09:08:00","2024-04-15 09:28:38","GMT+5:30",1309,1310
53,85,"2024-04-15 11:57:41","2024-04-15 12:23:25","GMT+5:30",1311,1312
9,94,"2024-04-16 10:54:53","2024-04-16 12:08:59","GMT+5:30",1313,1314
42,76,"2024-04-17 08:09:46","2024-04-17 08:33:56","GMT+5:30",1315,1316
30,82,"2024-04-17 17:15:38","2024-04-17 17:56:34","GMT+5:30",1317,1318
17,52,"2024-04-18 08:52:30","2024-04-18 09:12:23","GMT+5:30",1319,1320
42,73,"2024-04-18 10:42:05","2024-04-18 11:03:13","GMT+5:30",1321,1322
30,53,"2024-04-18 22:15:12","2024-04-18 22:32:39","IST",1323,1324
6,27,"2024-04-19 01:40:04","2024-04-19 01:51:14","GMT+5:30",1325,1326
9,33,"2024-04-19 09:37:41","2024-04-19 09:49:51","GMT+5:30",1327,1328
20,62,"2024-04-19 11:15:47","2024-04-19 11:39:20","GMT+5:30",1329,1330
28,58,"2024-04-19 22:19:20","2024-04-19 22:36:00","GMT+5:30",1331,1332
9,64,"2024-04-20 09:33:22","2024-04-20 10:03:31","GMT+5:30",1333,1334
19,81,"2024-04-20 15:30:37","2024-04-20 16:16:58","GMT+5:30",1335,1336
47,58,"2024-04-20 21:41:11","2024-04-20 21:48:38","GMT+5:30",1337,1338
8,42,"2024-04-21 09:09:42","2024-04-21 09:30:18","GMT+5:30",1339,1340
19,81,"2024-04-21 12:28:33","2024-04-21 13:17:36","GMT+5:30",1341,1342
1,40,"2024-04-22 09:53:05","2024-04-22 10:12:58","GMT+5:30",1343,1344
33,80,"2024-04-22 10:48:19","2024-04-22 11:22:54","GMT+5:30",1345,1346
17,69,"2024-04-23 08:42:20","2024-04-23 09:12:40","GMT+5:30",1347,1348
26,76,"2024-04-23 17:12:54","2024-04-23 17:42:41","GMT+5:30",1349,1350
3,6,"2024-04-24 09:28:28","2024-04-24 09:30:17","GMT+5:30",1351,1352
36,67,"2024-04-24 11:09:49","2024-04-24 11:29:40","GMT+5:30",1353,1354
40,46,"2024-04-24 20:34:47","2024-04-24 20:38:26","GMT+5:30",1355,1356
42,82,"2024-04-24 21:14:55","2024-04-24 21:45:47","GMT+5:30",1357,1358
19,80,"2024-04-25 12:21:42","2024-04-25 13:02:34","GMT+5:30",1359,1360
13,29,"2024-04-26 00:17:29","2024-04-26 00:27:03","GMT+5:30",1361,1362
17,41,"2024-04-26 01:42:40","2024-04-26 01:55:06","GMT+5:30",1363,1364
3,29,"2024-04-26 13:34:01","2024-04-26 14:00:46","GMT+5:30",1365,1366
1,59,"2024-04-26 16:23:36","2024-04-26 16:54:50","GMT+5:30",1367,1368
39,52,"2024-04-26 20:34:30","2024-04-26 20:42:23","GMT+5:30",1369,1370
51,76,"2024-04-26 21:11:56","2024-04-26 21:30:51","GMT+5:30",1371,1372
37,84,"2024-04-27 00:28:28","2024-04-27 01:04:56","GMT+5:30",1373,1374
7,32,"2024-04-27 12:25:42","2024-04-27 12:41:18","GMT+5:30",1375,1376
20,39,"2024-04-27 14:13:46","2024-04-27 14:26:22","GMT+5:30",1377,1378
26,37,"2024-04-27 18:45:00","2024-04-27 18:50:20","GMT+5:30",1379,1380
31,87,"2024-04-27 19:38:43","2024-04-27 20:28:47","GMT+5:30",1381,1382
3,62,"2024-04-28 11:28:39","2024-04-28 12:05:31","GMT+5:30",1383,1384
14,19,"2024-04-28 19:54:08","2024-04-28 19:56:10","GMT+5:30",1385,1386
19,80,"2024-04-28 20:00:44","2024-04-28 20:44:12","GMT+5:30",1387,1388
10,41,"2024-04-29 10:48:27","2024-04-29 11:03:24","GMT+5:30",1389,1390
41,62,"2024-04-29 11:24:41","2024-04-29 11:37:39","GMT+5:30",1391,1392
46,81,"2024-04-29 12:25:28","2024-04-29 12:58:15","GMT+5:30",1393,1394
56,78,"2024-04-29 22:39:52","2024-04-29 22:57:52","GMT+5:30",1395,1396
20,31,"2024-04-30 10:12:30","2024-04-30 10:17:44","GMT+5:30",1397,1398
17,92,"2024-04-30 12:35:43","2024-04-30 13:39:26","GMT+5:30",1399,1400
49,70,"2024-05-01 01:59:09","2024-05-01 02:14:25","GMT+5:30",1401,1402
28,84,"2024-05-01 12:03:18","2024-05-01 12:52:44","GMT+5:30",1403,1404
41,83,"2024-05-01 20:48:17","2024-05-01 21:28:23","GMT+5:30",1405,1406
30,49,"2024-05-02 10:46:12","2024-05-02 11:00:37","IST",1407,1408
31,80,"2024-05-02 15:54:44","2024-05-02 16:29:23","GMT+5:30",1409,1410
35,81,"2024-05-02 22:59:17","2024-05-02 23:37:43","GMT+5:30",1411,1412
42,68,"2024-05-03 10:48:45","2024-05-03 11:05:26","GMT+5:30",1413,1414
66,80,"2024-05-03 11:40:08","2024-05-03 11:58:37","GMT+5:30",1415,1416
45,81,"2024-05-03 20:21:37","2024-05-03 20:47:16","GMT+5:30",1417,1418
8,63,"2024-05-04 10:06:30","2024-05-04 10:44:56","GMT+5:30",1419,1420
31,99,"2024-05-04 13:53:15","2024-05-04 15:16:24","GMT+5:30",1421,1422
18,45,"2024-05-05 10:34:03","2024-05-05 10:48:53","GMT+5:30",1423,1424
42,46,"2024-05-05 11:15:38","2024-05-05 11:18:19","GMT+5:30",1425,1426
44,57,"2024-05-05 11:40:53","2024-05-05 11:50:41","GMT+5:30",1427,1428
15,45,"2024-05-05 19:05:55","2024-05-05 19:21:32","GMT+5:30",1429,1430
31,55,"2024-05-05 20:24:15","2024-05-05 20:38:16","GMT+5:30",1431,1432
31,82,"2024-05-05 22:57:24","2024-05-05 23:37:07","GMT+5:30",1433,1434
34,54,"2024-05-06 11:49:41","2024-05-06 12:00:38","GMT+5:30",1435,1436
36,74,"2024-05-06 23:07:38","2024-05-06 23:32:32","GMT+5:30",1437,1438
18,84,"2024-05-07 12:36:23","2024-05-07 13:23:25","GMT+5:30",1439,1440
65,81,"2024-05-07 21:28:00","2024-05-07 21:43:35","GMT+5:30",1441,1442
16,49,"2024-05-08 11:14:09","2024-05-08 11:34:22","GMT+5:30",1443,1444
42,81,"2024-05-08 12:33:18","2024-05-08 13:02:56","GMT+5:30",1445,1446
55,77,"2024-05-08 21:58:58","2024-05-08 22:17:29","GMT+5:30",1447,1448
17,52,"2024-05-09 11:50:32","2024-05-09 12:10:27","GMT+5:30",1449,1450
50,81,"2024-05-09 12:39:50","2024-05-09 13:05:44","GMT+5:30",1451,1452
60,74,"2024-05-09 21:36:48","2024-05-09 21:48:29","GMT+5:30",1453,1454
14,39,"2024-05-10 11:22:14","2024-05-10 11:38:04","GMT+5:30",1455,1456
32,84,"2024-05-10 12:28:02","2024-05-10 13:08:29","GMT+5:30",1457,1458
45,73,"2024-05-11 00:40:19","2024-05-11 00:58:55","GMT+5:30",1459,1460
1,81,"2024-05-11 11:37:47","2024-05-11 12:30:20","GMT+5:30",1461,1462
30,66,"2024-05-11 20:38:17","2024-05-11 20:59:25","GMT+5:30",1463,1464
